Name,X,Y,BlueF,GreenF,RedF,Parallax,RadialVelocity,Variable?,distance
TopS043944,0.4997,25.0832,8.296e-20,9.442e-20,8.672000000000001e-20,0.0,-89.58,0,32.173849957630146
TopS043953,0.5001,25.0145,1.213e-19,1.324e-19,1.13e-19,-0.0,-90.39,0,32.18544427265244
TopS043965,0.4763,25.22,2.9560000000000005e-20,3.761e-20,4.3720000000000005e-20,-0.001,-89.52,0,32.17346465126039
TopS043966,0.4952,25.0123,2.391e-14,1.614e-14,5.355e-15,-0.0,-90.56,0,32.19065439639327
TopS043988,0.53,24.9652,3.037e-19,6.448e-19,2.188e-18,0.001,-90.63,0,32.164707432353055
TopS043990,0.4543,25.0225,5.161e-19,8.172e-19,1.563e-18,0.0,-90.0,0,32.22913277465177
TopS043991,0.4446,25.0703,1.4860000000000002e-20,1.864e-20,2.1750000000000003e-20,-0.0,-89.79,0,32.230352493098536
TopS043995,0.6175,24.9549,6.411e-20,7.277e-20,6.832e-20,-0.001,-90.37,0,32.08042707295279
TopS043998,0.5052,24.983,4.996e-20,5.969e-20,6.269e-20,0.001,-90.67,0,32.185968665929245
TopS043999,0.4888,25.0294,7.849e-20,9.101e-20,8.529000000000001e-20,0.0,-89.61,0,32.193957634147104
TopS044005,0.6426,25.1216,3.083e-19,3.016e-19,2.105e-19,0.0,-89.82,0,32.026457921741205
TopS044010,0.5315,24.9725,1.511e-20,2.069e-20,2.807e-20,0.0,-90.5,0,32.16193847986934
TopS044011,0.4816,25.0102,1.192e-20,1.711e-20,2.511e-20,-0.0,-90.44,0,32.204411843500225
TopS044014,0.4944,25.0317,5.681e-20,6.686000000000001e-20,6.668e-20,-0.001,-89.65,0,32.18804154133904
TopS044016,0.4611,25.0614,6.775000000000001e-20,8.2e-20,8.724e-20,0.001,-89.6,0,32.215649695632834
TopS044017,0.4835,24.9827,1.593e-18,2.6e-18,5.224e-18,-0.0,-90.66,0,32.20738109053575
TopS044020,0.48,24.9417,4.604e-19,4.548e-19,3.191e-19,-0.001,-90.77,0,32.218083276215374
TopS044021,0.5614,25.0022,2.0400000000000003e-20,2.7090000000000004e-20,3.4940000000000006e-20,-0.001,-90.26,0,32.1272633146314
TopS044023,0.4907,25.1253,1.377e-18,2.256e-18,4.398e-18,-0.0,-89.42,0,32.17543943987307
TopS044027,0.5116,24.9621,6.696e-15,4.325e-15,1.35e-15,-0.0,-90.72,0,32.18336557430481
TopS044028,0.4522,25.0205,9.364e-19,9.413e-19,6.691e-19,0.001,-90.01,0,32.2315504895685
TopS044030,0.505,25.0074,6.125000000000001e-20,6.734e-20,5.808e-20,0.001,-90.54,0,32.1818676196618
TopS044032,0.5029,24.9964,9.37e-19,1.633e-18,3.703e-18,-0.0,-90.57,0,32.1858701623791
TopS044037,0.4938,25.0251,1.779e-19,1.902e-19,1.554e-19,-0.001,-89.51,0,32.189787837403046
TopS044040,0.5028,25.052,6.405e-19,1.405e-18,5.051e-18,-0.0,-89.51,0,32.17622422590072
TopS044049,0.5939,24.9092,8.832e-19,8.143e-19,5.019e-19,0.001,-90.59,0,32.111809376801666
TopS044052,0.4962,25.0134,1.717e-18,3.107e-18,7.436e-18,-0.0,-90.61,0,32.189476809557256
TopS044053,0.5116,25.0325,3.001e-18,2.639e-18,1.484e-18,0.0,-89.98,0,32.170967013268026
TopS044060,0.4801,25.07,5.551e-18,1.307e-17,5.454e-17,-0.0,-89.5,0,32.19544398383417
TopS044061,0.6323,25.0435,1.656e-20,2.18e-20,2.789e-20,-0.0,-90.01,0,32.05020684065378
TopS044062,0.393,25.0601,1.432e-18,3.582e-18,1.67e-17,-0.0,-89.81,0,32.28293970600081
TopS044066,0.4546,25.0242,3.978e-14,2.735e-14,9.284e-15,0.0,-90.01,0,32.22853986248032
TopS044069,0.4831,25.0119,5.306e-18,4.189e-18,1.968e-18,-0.0,-90.47,0,32.20263671016905
TopS044072,0.4524,25.0361,1.067e-20,1.381e-20,1.6750000000000002e-20,0.001,-89.79,0,32.228625678532
TopS044074,0.4895,25.0212,2.59e-20,3.3910000000000005e-20,4.3910000000000006e-20,0.001,-90.22,0,32.19470470412314
TopS044075,0.4755,24.9981,1.933e-19,2.03e-19,1.64e-19,0.0,-90.54,0,32.212543273092784
TopS044076,0.5667,25.0387,3.527e-18,2.983e-18,1.503e-18,-0.001,-90.06,0,32.115632688113436
TopS044081,0.5004,25.0182,2.951e-19,3.089e-19,2.467e-19,0.0,-90.21,0,32.18449964694022
TopS044082,0.5096,25.0326,3.619e-19,3.56e-19,2.618e-19,-0.0,-89.88,0,32.17291862788494
TopS044083,0.503,25.024,1.3650000000000002e-20,1.825e-20,2.3750000000000003e-20,-0.001,-90.19,0,32.180922922005045
TopS044084,0.488,25.0255,1.5790000000000002e-20,2.1680000000000003e-20,3.0040000000000005e-20,-0.0,-89.46,0,32.195428102883284
TopS044088,0.4737,25.0155,1.954e-18,3.488e-18,8.292e-18,0.0,-90.18,0,32.21125931293715
TopS044090,0.4929,25.0181,1.309e-18,1.219e-18,7.425e-19,-0.0,-90.69,0,32.191900906690314
TopS044091,0.4905,24.9634,1.573e-18,1.336e-18,6.935e-19,0.001,-90.65,0,32.20390181856528
TopS044095,0.5083,25.0331,9.395e-20,1.056e-19,9.585e-20,-0.0,-89.96,0,32.174111044209724
TopS044096,0.4858,25.0173,5.2740000000000007e-20,6.255000000000001e-20,6.301e-20,-0.0,-90.32,0,32.199031165461435
TopS044098,0.4297,25.0252,2.232e-20,2.78e-20,3.2330000000000004e-20,-0.0,-90.09,0,32.25288105603509
TopS044103,0.4841,24.9741,7.55e-20,8.260000000000001e-20,7.122e-20,-0.0,-90.72,0,32.20830871477923
TopS044104,0.4789,25.0436,2.727e-19,2.717e-19,1.914e-19,0.001,-89.66,0,32.201223264907455
TopS044107,0.6046,24.9314,1.035e-20,1.3270000000000002e-20,1.649e-20,-0.001,-90.51,0,32.09731016171484
TopS044108,0.543,24.9758,3.815e-18,3.21e-18,1.68e-18,-0.0,-90.42,0,32.15003601441021
TopS044109,0.426,25.1207,2.4790000000000003e-20,3.168e-20,3.661e-20,-0.0,-89.56,0,32.23996610301447
TopS044110,0.4876,25.0002,3.627e-20,4.566e-20,5.2760000000000005e-20,-0.0,-90.53,0,32.2002625457174
TopS044114,0.4711,25.0351,1.1080000000000002e-20,1.4990000000000002e-20,1.955e-20,0.0,-89.76,0,32.210387934324345
TopS044116,0.4854,25.0399,1.147e-19,1.221e-19,9.815000000000001e-20,-0.001,-89.68,0,32.195469223487606
TopS044117,0.4803,25.0204,3.231e-20,3.7840000000000006e-20,3.845e-20,-0.0,-90.08,0,32.203902512022935
TopS044118,0.4708,25.123,3.482e-14,2.394e-14,8.327e-15,-0.0,-89.44,0,32.195438316960846
TopS044123,0.4978,25.0806,9.807e-20,1.072e-19,9.139000000000001e-20,-0.0,-89.5,0,32.176172238245016
TopS044131,0.4921,25.0027,1.582e-19,1.716e-19,1.489e-19,0.0,-90.62,0,32.19539300360057
TopS044141,0.4358,25.0247,1.927e-20,2.556e-20,3.214e-20,0.0,-90.05,0,32.24696246882976
TopS044142,0.4901,25.0223,3.662e-18,3.057e-18,1.515e-18,-0.0,-88.65,0,32.19392120215679
TopS044143,0.4948,25.0355,1.993e-19,2.085e-19,1.701e-19,-0.0,-89.7,0,32.18698296921557
TopS044147,0.5051,24.9503,7.42e-19,1.173e-18,2.17e-18,0.001,-90.71,0,32.191855112863955
TopS044149,0.4731,25.0504,1.829e-18,2.872e-18,5.346e-18,-0.001,-89.68,0,32.205748234776614
TopS044150,0.4791,25.0172,3.8610000000000005e-20,4.574e-20,4.61e-20,0.0,-90.28,0,32.20564488217291
TopS044152,0.4708,24.9953,5.445e-19,5.151e-19,3.288e-19,-0.0,-90.52,0,32.21766256410503
TopS044162,0.4872,25.022,1.469e-20,1.912e-20,2.432e-20,-0.001,-89.9,0,32.19682889785111
TopS044165,0.44,25.0402,1.941e-19,2.027e-19,1.637e-19,-0.0,-89.87,0,32.240119750145425
TopS044177,0.4885,25.0348,6.771e-20,8.041e-20,8.202000000000001e-20,-0.0,-89.63,0,32.19330830524394
TopS044180,0.516,25.0324,1.042e-18,9.437e-19,5.781e-19,0.001,-89.77,0,32.16665247303569
TopS044181,0.4795,25.0453,4.899e-20,5.823000000000001e-20,6.065e-20,-0.0,-89.51,0,32.20033578470521
TopS044182,0.4752,25.0149,9.936e-18,7.421e-18,3.091e-18,-0.0,-90.63,1,32.20988778758662
TopS044184,0.483,25.001,1.62e-18,3.149e-18,9.376e-18,0.0,-90.53,0,32.204650143029696
TopS044185,0.4657,25.0575,5.182e-20,6.050000000000001e-20,5.953e-20,0.0,-89.61,0,32.21179840323101
TopS044186,0.4723,25.051,2.12e-19,2.19e-19,1.662e-19,-0.001,-89.74,0,32.20643140908622
TopS044188,0.4916,25.0019,3.312e-18,2.758e-18,1.401e-18,0.0,-90.69,0,32.196025898618004
TopS044189,0.5125,25.0455,1.853e-18,3.351e-18,7.829e-18,0.001,-89.55,0,32.167807670452454
TopS044190,0.5181,25.0183,5.236e-14,3.686e-14,1.305e-14,0.0,-90.35,0,32.16705672674485
TopS044193,0.5031,25.0269,5.146e-19,5.034e-19,3.5e-19,-0.001,-89.68,0,32.1803163245189
TopS044195,0.4593,25.0302,1.844e-19,1.937e-19,1.512e-19,-0.0,-89.96,0,32.2228627893468
TopS044196,0.4701,25.0126,1.974e-17,1.527e-17,6.637e-18,-0.001,-90.32,1,32.21531215961151
TopS044199,0.4479,25.0361,4.6610000000000005e-20,5.3240000000000005e-20,5.0200000000000005e-20,-0.0,-89.88,0,32.23305654102527
TopS044200,0.5074,25.0389,1.389e-19,1.566e-19,1.479e-19,-0.0,-89.82,0,32.17398257199865
TopS044203,0.4619,25.0534,2.165e-18,4.443e-18,1.431e-17,0.0,-89.58,0,32.216254211400965
TopS044205,0.4835,25.0107,1.5620000000000002e-20,2.0090000000000003e-20,2.324e-20,-0.0,-90.61,0,32.202453572273186
TopS044206,0.4884,25.0252,3.3500000000000005e-20,4.0470000000000005e-20,4.182e-20,-0.0,-89.78,0,32.19508682958857
TopS044214,0.4978,25.0173,9.765e-20,1.143e-19,1.142e-19,0.0,-90.23,0,32.1872172142041
TopS044215,0.4992,25.0015,1.45e-20,1.957e-20,2.676e-20,0.0,-90.69,0,32.18861475108202
TopS044216,0.5056,25.01,4.438e-14,3.287e-14,1.31e-14,0.001,-90.71,0,32.18082003663556
TopS044217,0.4476,25.0239,3.502e-19,3.665e-19,2.812e-19,-0.0,-90.09,0,32.235484354423825
TopS044220,0.4819,25.0124,6.718e-20,7.768e-20,7.235000000000001e-20,-0.0,-90.36,0,32.20373032655937
TopS044222,0.4721,25.0382,2.5230000000000003e-20,3.3720000000000004e-20,4.228e-20,-0.0,-89.73,0,32.20886169362692
TopS044225,0.4865,25.021,2.624e-19,2.689e-19,2.11e-19,0.001,-90.12,0,32.19769331846982
TopS044227,0.4745,25.0229,1.853e-19,1.989e-19,1.625e-19,-0.0,-90.03,0,32.2091748052793
TopS044228,0.4876,25.0074,2.64e-20,3.259e-20,3.576e-20,0.001,-90.43,0,32.198996849116845
TopS044229,0.454,25.0267,3.672e-14,2.52e-14,8.739e-15,0.0,-89.95,0,32.2286932043582
TopS044232,0.4963,25.0392,1.063e-20,1.388e-20,1.698e-20,-0.0,-89.59,0,32.18485922194553
TopS044234,0.5159,24.9761,2.724e-20,3.3080000000000005e-20,3.5450000000000003e-20,-0.0,-90.65,0,32.176655776215355
TopS044236,0.4875,25.0082,5.311e-19,5.021e-19,3.29e-19,0.0,-90.59,0,32.198954757588766
TopS044239,0.4789,25.0121,1.498e-19,1.591e-19,1.283e-19,0.0,-90.41,0,32.20673641526848
TopS044241,0.4496,25.0029,2.368e-18,2.077e-18,1.136e-18,0.0,-90.4,0,32.23719647924964
TopS044245,0.5007,25.0698,1.892e-18,3.945e-18,1.298e-17,-0.0,-89.46,0,32.17519231583163
TopS044246,0.4819,25.0307,3.36e-19,3.385e-19,2.505e-19,-0.001,-89.61,0,32.20052368424624
TopS044249,0.4876,24.9973,3.99e-19,3.999e-19,2.888e-19,-0.0,-90.62,0,32.20077278092971
TopS044256,0.5055,25.0119,1.09e-20,1.4200000000000002e-20,1.743e-20,0.0,-90.35,0,32.180584703934876
TopS044257,0.498,25.0209,6.941e-19,6.445e-19,3.993e-19,-0.001,-90.16,0,32.186388925017816
TopS044258,0.4798,24.974,4.753e-18,3.937e-18,1.928e-18,0.0,-90.69,0,32.212558752896314
TopS044259,0.5095,25.0483,6.428e-19,6.271e-19,4.308e-19,0.0,-89.68,0,32.17027264695717
TopS044260,0.4701,25.045,2.565e-14,1.751e-14,6.012e-15,-0.001,-89.74,0,32.20964394221997
TopS044263,0.5049,25.059,1.92e-18,1.598e-18,8.038e-19,-0.0,-89.5,0,32.17293613095163
TopS044266,0.5115,25.0036,7.702e-19,7.205e-19,4.541e-19,-0.0,-90.53,0,32.17613714456461
TopS044267,0.4817,25.0117,3.092e-18,2.579e-18,1.322e-18,-0.0,-90.62,0,32.20405008025659
TopS044268,0.4546,25.053,1.081e-18,9.963e-19,5.973e-19,0.0,-89.72,0,32.22351232334403
TopS044271,0.4844,24.9933,2.3400000000000003e-20,2.713e-20,2.775e-20,0.0,-90.71,0,32.20462696104404
TopS044272,0.4805,25.0542,2.118e-18,3.942e-18,1.05e-17,0.0,-89.49,0,32.19779923590155
TopS044273,0.4954,24.9957,4.706e-14,4.251e-14,2.491e-14,0.0,-90.69,1,32.19337623309242
TopS044274,0.5325,24.9985,2.26e-18,6.193e-18,3.479e-17,0.0,-90.59,0,32.156363074697694
TopS044275,0.4986,25.0356,9.915e-19,9.034e-19,5.449e-19,0.001,-89.83,0,32.18322404247747
TopS044276,0.5106,25.0231,1.956e-18,1.699e-18,9.118e-19,-0.0,-90.06,0,32.17359837665802
TopS044277,0.4607,25.0439,1.089e-19,1.245e-19,1.138e-19,0.001,-89.7,0,32.21909169855036
TopS044278,0.4648,25.0308,8.585e-19,1.712e-18,5.255e-18,-0.0,-89.88,0,32.217342606699106
TopS044279,0.4805,25.0184,2.987e-19,3.163e-19,2.587e-19,-0.0,-90.25,0,32.204056174484414
TopS044282,0.4787,24.9798,4.28e-18,3.647e-18,1.844e-18,-0.001,-90.61,0,32.21261745041735
TopS044285,0.4834,25.0533,1.85e-20,2.386e-20,2.8740000000000004e-20,0.001,-89.55,0,32.1951004368038
TopS044286,0.4644,25.0346,4.84e-19,8.578e-19,1.969e-18,-0.0,-89.74,0,32.21707221507
TopS044287,0.4952,25.0184,9.284e-15,6.282e-15,2.017e-15,-0.0,-90.41,0,32.189583942004404
TopS044288,0.4989,25.0397,7.208e-19,6.551e-19,4.013e-19,0.0,-89.7,0,32.18221185274693
TopS044289,0.466,25.0496,6.32e-19,5.941e-19,3.873e-19,-0.0,-89.69,0,32.21287899039769
TopS044291,0.4985,25.0538,5.451e-14,3.811e-14,1.338e-14,0.001,-89.57,0,32.180144452822404
TopS044292,0.5156,25.0453,3.957e-18,3.364e-18,1.752e-18,-0.0,-89.72,1,32.16479026820736
TopS044294,0.4949,25.0277,3.7430000000000005e-20,4.521e-20,4.9560000000000013e-20,-0.001,-89.72,0,32.18824945858207
TopS044296,0.4718,25.031,1.422e-18,2.507e-18,5.774e-18,0.0,-89.85,0,32.210415494260275
TopS044297,0.5232,25.0204,6.715e-19,1.091e-18,2.129e-18,0.0,-90.18,0,32.161667331061636
TopS044298,0.4842,25.0001,3.742e-17,2.856e-17,1.203e-17,0.0,-90.5,1,32.20362712716387
TopS044301,0.5188,25.043,1.139e-19,1.249e-19,1.079e-19,-0.0,-89.95,0,32.16204138794766
TopS044302,0.5025,24.9901,3.19e-14,2.251e-14,8.031e-15,0.0,-90.78,0,32.187373901931764
TopS044305,0.4848,24.9843,1.102e-18,1.02e-18,6.225e-19,-0.0,-90.73,0,32.20581925901937
TopS044307,0.488,25.0665,3.976e-15,2.614e-15,8.433e-16,0.0,-89.5,0,32.18827266871861
TopS044308,0.5032,25.0162,5.879e-14,4.254e-14,1.661e-14,-0.0,-90.32,0,32.18209401467477
TopS044309,0.5118,25.0155,2.9150000000000005e-20,3.624e-20,4.008e-20,-0.0,-90.25,0,32.17375042041696
TopS044310,0.47,24.9853,1.7650000000000002e-20,2.3100000000000003e-20,2.838e-20,0.0,-90.54,0,32.220211109828064
TopS044312,0.4699,25.0132,1.746e-18,1.575e-18,9.234e-19,-0.0,-90.24,0,32.21540380450898
TopS044315,0.4834,24.9905,4.444e-19,6.668e-19,1.139e-18,0.0,-90.69,0,32.206104490354996
TopS044317,0.4753,25.0254,1.195e-18,2.3e-18,6.435e-18,-0.0,-89.87,0,32.20794938971124
TopS044321,0.4835,25.0131,6.668e-18,5.346e-18,2.405e-18,0.0,-90.3,0,32.20203231132851
TopS044322,0.479,25.0143,5.63e-17,4.085e-17,1.559e-17,0.0,-90.3,0,32.20625195055399
TopS044323,0.5016,25.0317,6.273e-18,5.082e-18,2.403e-18,-0.0,-89.81,0,32.18095265754213
TopS044326,0.4685,25.0077,2.351e-18,1.938e-18,9.356e-19,-0.0,-90.36,0,32.21774728534905
TopS044327,0.5134,25.0368,9.044e-20,9.925000000000001e-20,8.683000000000001e-20,-0.0,-89.79,0,32.16844230703466
TopS044332,0.5012,25.0395,5.63e-19,5.296e-19,3.398e-19,0.0,-89.79,0,32.179982211456114
TopS044334,0.4831,25.0148,2.538e-19,2.832e-19,2.614e-19,-0.0,-90.35,0,32.20212781931025
TopS044335,0.4972,25.0288,1.436e-18,2.864e-18,8.958e-18,-0.0,-89.88,0,32.185792381777716
TopS044336,0.5125,25.0297,1.902e-14,1.293e-14,4.429e-15,-0.001,-90.02,0,32.170571198572745
TopS044337,0.477,25.0155,2.302e-20,2.975e-20,3.718e-20,-0.0,-90.25,0,32.208010456333376
TopS044338,0.4715,25.0096,3.077e-18,7.013e-18,2.707e-17,0.0,-90.37,0,32.21446032776925
TopS044339,0.4685,25.008,5.848e-20,6.872e-20,7.066e-20,0.0,-90.34,0,32.217694615316525
TopS044340,0.5159,25.0396,1.194e-18,1.106e-18,6.692e-19,-0.0,-89.9,0,32.165491120879196
TopS044341,0.4697,25.0056,9.092e-18,7.103e-18,3.282e-18,-0.0,-90.42,1,32.21693470552964
TopS044342,0.5071,25.0297,8.981e-19,1.74e-18,4.706e-18,0.001,-89.97,0,32.175887742880356
TopS044345,0.4803,25.01,1.081e-17,8.287e-18,3.451e-18,0.0,-90.46,1,32.20572676466601
TopS044346,0.5086,25.0446,1.889e-19,2.108e-19,1.906e-19,0.0,-89.65,0,32.17180491927181
TopS044349,0.5024,25.0348,1.016e-18,9.112e-19,5.159e-19,-0.0,-89.86,0,32.179622556930155
TopS044354,0.5099,25.0244,3.121e-17,2.379e-17,1e-17,-0.0,-90.15,1,32.17405962997109
TopS044356,0.5003,25.0409,1.867e-18,1.551e-18,7.734e-19,0.0,-89.72,0,32.180623688608065
TopS044360,0.5082,25.0337,3.427e-19,3.395e-19,2.32e-19,0.001,-89.83,0,32.174104494476566
TopS044363,0.5255,25.0362,4.858e-19,4.958e-19,3.683e-19,-0.0,-89.98,0,32.15663396633202
TopS044364,0.5177,25.0439,2.444e-18,2.039e-18,1.055e-18,-0.0,-89.82,0,32.16296717468083
TopS044366,0.5103,25.0305,8.744000000000001e-20,9.901e-20,9.098e-20,0.0,-90.0,0,32.17259709790694
TopS044367,0.4714,25.0041,8.925e-18,2.215e-17,1.051e-16,-0.0,-90.33,0,32.21552464347683
TopS044368,0.472,25.0064,5.215e-17,3.566e-17,1.246e-17,-0.0,-90.45,0,32.2145299501975
TopS044369,0.4639,25.0062,1.825e-18,3.24e-18,7.763e-18,0.0,-90.29,0,32.222539196139074
TopS044370,0.467,25.0093,7.457e-19,7.324e-19,5.076e-19,-0.0,-90.33,0,32.21894312382452
TopS044371,0.5134,25.0356,1.116e-18,1.736e-18,3.12e-18,-0.001,-89.91,0,32.168652251661086
TopS044373,0.4652,25.0124,6.335000000000001e-20,7.263000000000002e-20,6.782000000000001e-20,0.001,-90.3,0,32.22017126111778
TopS044376,0.467,25.0041,2.591e-18,2.221e-18,1.165e-18,0.0,-90.4,0,32.21985620909043
TopS044381,0.5128,25.0354,6.55e-14,4.538e-14,1.61e-14,0.0,-89.86,0,32.169277990232345
TopS044382,0.514,25.0442,1.36e-19,1.519e-19,1.332e-19,0.0,-89.79,0,32.166557835938484
TopS044383,0.5208,25.0435,1.355e-18,2.782e-18,9.046e-18,0.001,-89.78,0,32.15998478355813
TopS044388,0.4596,25.0057,1.306e-18,1.183e-18,6.815e-19,0.0,-90.15,0,32.226860184294814
TopS044390,0.4745,25.003,1.793e-18,2.831e-18,5.236e-18,-0.0,-90.4,0,32.21266617092525
TopS044395,0.5294,25.0393,7.05e-14,5.63e-14,2.653e-14,-0.001,-89.92,1,32.152251691820574
TopS044396,0.4624,25.0061,1.249e-20,1.719e-20,2.281e-20,0.001,-90.27,0,32.22403345034561
TopS044398,0.5133,25.0411,1.561e-19,1.68e-19,1.41e-19,0.0,-89.82,0,32.167788822100526
TopS044401,0.4694,25.0047,7.609e-20,8.685000000000002e-20,8.262000000000001e-20,0.0,-90.43,0,32.21738812940649
TopS044402,0.5164,25.0379,7.838e-19,1.701e-18,5.999e-18,-0.001,-89.82,0,32.165296142986286
TopS044403,0.5097,25.0268,4.154e-14,2.868e-14,1.018e-14,0.001,-90.11,0,32.17383592514842
TopS044405,0.5068,25.0286,1.112e-19,1.195e-19,9.977e-20,-0.001,-89.95,0,32.17637575127826
TopS044406,0.5271,25.0409,3.088e-18,2.657e-18,1.443e-18,0.0,-90.03,0,32.154236368289055
TopS044407,0.4661,25.0067,2.903e-18,2.507e-18,1.366e-18,-0.0,-90.36,0,32.220285581685204
TopS044408,0.5157,25.0353,9.426e-19,8.483e-19,4.959e-19,-0.001,-89.83,0,32.16644023194237
TopS044410,0.4592,24.9973,8.975000000000002e-20,1.039e-19,9.968e-20,-0.0,-90.38,0,32.2287299161643
TopS044411,0.4611,25.0073,1.354e-18,2.032e-18,3.287e-18,0.001,-90.26,0,32.22510258031323
TopS044412,0.5282,25.046,3.072e-17,2.309e-17,9.45e-18,0.001,-89.82,0,32.15226176697142
TopS044415,0.5186,25.0414,7.298e-19,7.419e-19,5.668e-19,0.0,-89.83,0,32.16251799092284
TopS044416,0.5278,25.0544,3.2750000000000004e-20,3.989e-20,4.395e-20,0.0,-89.79,0,32.15118889840429
TopS044418,0.5246,25.0478,8.489e-19,1.625e-18,4.6e-18,0.0,-89.81,0,32.15549194291589
TopS044419,0.5213,25.0426,3.335e-19,3.363e-19,2.389e-19,-0.001,-89.92,0,32.15964979005761
TopS044420,0.4707,25.0024,2.893e-20,3.574e-20,4.131e-20,-0.0,-90.38,0,32.21651247377831
TopS044424,0.5131,25.0383,8.773e-18,2.478e-17,1.49e-16,0.001,-89.87,0,32.16847531368116
TopS044428,0.465,25.0002,2.791e-18,5.214e-18,1.366e-17,0.0,-90.42,0,32.22251041450885
TopS044429,0.5218,25.0418,4.167e-14,2.924e-14,1.035e-14,0.0,-89.87,0,32.15929734287335
TopS044433,0.4586,25.0019,1.351e-17,1.035e-17,4.526e-18,-0.0,-90.32,1,32.22851206407893
TopS044434,0.5263,25.0586,2.919e-19,3.05e-19,2.383e-19,0.0,-89.83,0,32.15193336419113
TopS044435,0.5087,25.0373,7.989e-18,6.271e-18,2.826e-18,-0.0,-89.85,0,32.17298239128057
TopS044439,0.4587,25.003,2.0890000000000003e-20,2.717e-20,3.408e-20,0.0,-90.37,0,32.228220375308844
TopS044444,0.4465,24.9926,4.173e-14,2.913e-14,1.034e-14,0.0,-90.25,0,32.24205855704502
TopS044449,0.5254,25.0441,1.683e-18,3.732e-18,1.342e-17,-0.0,-89.85,0,32.15535072029303
TopS044451,0.4637,25.004,1.225e-20,1.6540000000000003e-20,2.198e-20,0.0,-90.31,0,32.22312246100208
TopS044452,0.4448,24.9905,8.709e-18,6.707e-18,2.899e-18,0.001,-90.45,0,32.24410150219205
TopS044453,0.5254,25.0546,9.157e-20,9.897000000000001e-20,8.156e-20,-0.001,-89.81,0,32.15351719262339
TopS044454,0.4554,24.9933,1.53e-18,3.137e-18,9.888e-18,-0.0,-90.32,0,32.233174213843796
TopS044455,0.528,25.0419,3.526e-19,3.621e-19,2.688e-19,-0.001,-89.87,0,32.15317536348575
TopS044456,0.5324,25.0501,3.471e-18,6.413e-18,1.568e-17,0.0,-89.87,0,32.14741012910118
TopS044457,0.4576,24.9945,5.475e-18,4.403e-18,1.992e-18,-0.0,-90.43,0,32.23079741850522
TopS044461,0.514,25.0445,3.865e-19,3.89e-19,2.812e-19,0.001,-89.87,0,32.166505422503626
TopS044462,0.4572,25.0003,2.1270000000000003e-20,2.6550000000000003e-20,3.001e-20,-0.001,-90.48,0,32.23017142276562
TopS044463,0.5259,25.0496,1.589e-18,1.404e-18,8.094e-19,0.001,-89.82,0,32.153897568102145
TopS044464,0.5204,25.0474,1.929e-20,2.549e-20,3.2120000000000005e-20,0.001,-89.65,0,32.159697248264365
TopS044466,0.4508,24.9909,1.64e-19,1.733e-19,1.4e-19,-0.0,-90.29,0,32.23812474190411
TopS044467,0.4484,24.9961,4.938e-19,4.794e-19,3.145e-19,0.0,-90.4,0,32.239572659021796
TopS044468,0.5267,25.0582,6.226e-20,7.372e-20,7.544000000000001e-20,-0.0,-89.81,0,32.151609232890365
TopS044469,0.5192,25.0676,9.404e-18,7.51e-18,3.389e-18,0.001,-89.67,1,32.15735707984673
TopS044470,0.4431,24.997,2.229e-18,4.843e-18,1.692e-17,0.0,-90.25,0,32.24463192495588
TopS044471,0.4507,24.9912,3.792e-19,3.936e-19,3e-19,-0.0,-90.34,0,32.23817038834166
TopS044472,0.4523,25.0002,2.054e-19,2.104e-19,1.595e-19,0.0,-90.32,0,32.2350127504726
TopS044474,0.4605,25.0031,3.834e-18,3.163e-18,1.55e-18,0.0,-90.4,0,32.22643079844863
TopS044475,0.4433,24.9929,3.1500000000000005e-20,3.879e-20,4.387e-20,0.0,-90.33,0,32.24515589788797
TopS044477,0.4636,24.9987,1.661e-18,2.948e-18,6.974e-18,0.0,-90.51,0,32.22415230688364
TopS044479,0.5163,25.0424,4.283e-18,8.176e-18,2.294e-17,-0.0,-89.82,0,32.16460777475297
TopS044480,0.4483,25.0016,3.434e-18,3.029e-18,1.647e-18,-0.0,-90.26,0,32.23870459170625
TopS044482,0.4492,24.9938,2.969e-19,3.023e-19,2.269e-19,-0.001,-90.26,0,32.239189577882335
TopS044483,0.4508,25.0039,2.096e-19,2.17e-19,1.693e-19,-0.001,-90.18,0,32.2358395234095
TopS044486,0.446,24.9847,1.121e-20,1.4720000000000002e-20,1.911e-20,-0.0,-90.37,0,32.24394134431349
TopS044487,0.5341,25.061,2.848e-14,1.963e-14,6.667e-15,0.0,-89.76,0,32.14383440911837
TopS044488,0.5387,25.0464,2.118e-19,2.25e-19,1.809e-19,-0.001,-89.94,0,32.141853446445154
TopS044490,0.5285,25.0526,3.376e-18,7.433e-18,2.741e-17,0.0,-89.86,0,32.15081376002478
TopS044492,0.4475,24.9936,3.664e-20,4.463e-20,4.638e-20,0.0,-90.26,0,32.24089825319984
TopS044493,0.4376,24.99,3.365e-14,2.312e-14,7.903e-15,-0.0,-90.32,0,32.251277151223505
TopS044495,0.4427,24.9943,3.732e-19,3.668e-19,2.605e-19,-0.001,-90.36,0,32.24550034543223
TopS044496,0.5337,25.0591,2.152e-18,4.163e-18,1.148e-17,0.0,-89.85,0,32.1445595374088
TopS044497,0.4454,24.9859,2.5580000000000003e-20,3.299e-20,4.038e-20,-0.001,-90.33,0,32.24432061849414
TopS044502,0.5294,25.0493,1.881e-20,2.4750000000000003e-20,3.1630000000000005e-20,0.0,-89.79,0,32.150503738305964
TopS044505,0.5331,25.0452,1.948e-20,2.4160000000000003e-20,2.698e-20,-0.0,-89.99,0,32.14757698552164
TopS044506,0.5327,25.0615,2.266e-20,3.1430000000000005e-20,4.448e-20,-0.0,-89.87,0,32.14512582460138
TopS044508,0.4499,24.9845,8.607e-18,7.327e-18,3.642e-18,-0.0,-90.42,0,32.2401375622077
TopS044509,0.4351,24.9983,3.359e-18,5.878e-18,1.347e-17,-0.0,-90.3,0,32.25227902205251
TopS044510,0.4368,24.9958,1.039e-17,8.098e-18,3.556e-18,-0.0,-90.22,0,32.25104476498655
TopS044511,0.5337,25.0591,8.348e-20,9.863e-20,9.929e-20,0.0,-89.79,0,32.1445595374088
TopS044512,0.5357,25.0518,4.809e-20,5.712e-20,5.777e-20,0.0,-89.94,0,32.143863976970586
TopS044513,0.5414,25.0584,1.206e-17,9.362e-18,3.979e-18,-0.001,-89.86,1,32.13709962722109
TopS044514,0.5383,25.0545,1.343e-18,1.172e-18,6.66e-19,0.0,-89.86,0,32.140832563556934
TopS044515,0.4345,24.9752,6.823e-20,8.251000000000001e-20,8.776e-20,0.0,-90.4,0,32.25693571980319
TopS044517,0.5455,25.06,2.723e-17,1.965e-17,7.257e-18,-0.0,-89.88,0,32.13278340174653
TopS044519,0.4426,24.9841,4.055e-20,4.99e-20,5.494e-20,0.001,-90.35,0,32.24739386972489
TopS044520,0.5574,25.0642,3.325e-18,2.849e-18,1.469e-18,0.001,-89.89,0,32.120333340083334
TopS044521,0.5412,25.0493,2.367e-19,2.591e-19,2.16e-19,0.0,-89.92,0,32.138885152208154
TopS044525,0.4382,24.9847,1.8160000000000003e-20,2.3370000000000003e-20,2.7840000000000005e-20,-0.0,-90.41,0,32.251619418806385
TopS044532,0.4452,24.9739,1.734e-18,2.394e-18,3.351e-18,-0.0,-90.45,0,32.24663287571387
TopS044537,0.5507,25.0583,7.761e-19,7.156e-19,4.543e-19,-0.0,-89.93,0,32.12795969669109
TopS044538,0.4439,24.9788,3.856e-18,5.956e-18,1.015e-17,0.001,-90.49,0,32.24704820645864
TopS044543,0.439,24.9902,1.957e-18,1.708e-18,9.482e-19,0.001,-90.39,0,32.249863801890456
TopS044544,0.4325,24.9809,6.188e-19,6.182e-19,4.431e-19,-0.0,-90.34,0,32.25789963701796
TopS044549,0.4295,24.9873,1.509e-18,1.346e-18,7.851e-19,-0.0,-90.32,0,32.25972585696315
TopS044552,0.5436,25.0685,1.264e-18,3.035e-18,1.351e-17,-0.0,-89.81,0,32.133172992256874
TopS044554,0.4342,24.9744,1.873e-18,3.032e-18,5.807e-18,-0.0,-90.37,0,32.25737211800897
TopS044557,0.4342,24.9802,6.262e-19,6.178e-19,4.302e-19,-0.0,-90.42,0,32.25634957319005
TopS044560,0.4898,25.0215,3.105e-18,2.795e-18,1.621e-18,-0.0,-91.47,0,32.19435676603693
TopS044561,0.4898,25.0216,1.678e-16,1.19e-16,4.314e-17,0.001,-92.85,0,32.19433923916741
TopS044562,0.4898,25.0215,9.653e-14,7.216e-14,2.972e-14,-0.0,-93.44,1,32.19435676603693
TopS044563,0.4899,25.0214,8.656e-17,6.421e-17,2.637e-17,0.0,-92.86,0,32.19427584122901
TopS044564,0.4898,25.0216,5.628e-17,4.065e-17,1.494e-17,-0.0,-86.51,0,32.19433923916741
TopS044565,0.4897,25.0216,1.488e-20,2.0130000000000003e-20,2.6e-20,0.0,-86.55,0,32.19443769126268
TopS044566,0.4897,25.0215,3.203e-20,3.9090000000000005e-20,4.1e-20,-0.001,-91.02,0,32.194455218078595
TopS044567,0.4899,25.0215,4.32e-20,5.142e-20,5.468e-20,-0.001,-93.72,0,32.19425831400482
TopS044568,0.4899,25.0217,2.458e-18,5.274e-18,1.891e-17,0.0,-86.41,0,32.19422326045965
TopS044569,0.5479,25.0699,4.374e-17,3.315e-17,1.371e-17,-0.0,-89.95,0,32.128694901730405
TopS044570,0.4306,24.9739,1.009e-18,9.196e-19,5.519e-19,-0.0,-90.28,0,32.26100386691448
TopS044571,0.4312,24.9768,2.342e-19,2.597e-19,2.301e-19,0.0,-90.33,0,32.25990187872768
TopS044572,0.4337,24.978,5.582e-19,5.637e-19,4.042e-19,-0.0,-90.29,0,32.257229486238515
TopS044573,0.4252,24.9745,3.604e-14,2.449e-14,8.341e-15,0.0,-90.39,0,32.26621340981042
TopS044574,0.4321,24.9811,7.143e-18,5.581e-18,2.442e-18,-0.0,-90.31,0,32.25825814434773
TopS044575,0.5514,25.0626,5.434e-18,4.57e-18,2.267e-18,-0.0,-89.9,0,32.126520404090535
TopS044576,0.4287,24.9826,7.674e-19,1.366e-18,3.159e-18,-0.001,-90.28,0,32.26134076791095
TopS044577,0.5523,25.0612,6.328e-18,5.203e-18,2.638e-18,-0.001,-89.86,0,32.12587833252618
TopS044578,0.5521,25.0584,1.753e-18,2.756e-18,4.979e-18,-0.0,-89.8,0,32.126563725053664
TopS044579,0.5528,25.0577,5.647e-16,3.709e-16,1.139e-16,0.001,-89.84,0,32.125996618250596
TopS044580,0.5501,25.0533,3.222e-18,8.055e-18,3.987e-17,0.0,-89.9,0,32.129423288722194
TopS044581,0.4229,24.9862,3.031e-16,2.06e-16,7.083e-17,0.0,-90.38,0,32.266416434141334
TopS044582,0.4291,24.9921,2.951e-18,7.588e-18,3.838e-17,0.0,-90.27,0,32.259275290329875
TopS044583,0.4253,24.9916,7.751e-16,5.092e-16,1.612e-16,-0.001,-90.34,0,32.263104004088866
TopS044584,0.5571,25.0527,7.944e-18,6.341e-18,2.837e-18,0.0,-89.9,0,32.12263568761949
TopS044585,0.4241,24.9958,9.822e-18,7.859e-18,3.592e-18,0.0,-90.27,0,32.263547144155844
TopS044586,0.4173,24.9939,1.106e-17,8.666e-18,3.865e-18,0.0,-90.23,1,32.270575192524284
TopS044587,0.5582,25.0451,4.9560000000000013e-20,6.049e-20,6.505e-20,0.001,-89.98,0,32.12288116471363
TopS044588,0.5628,25.0453,2.836e-16,1.952e-16,6.881e-17,0.0,-89.91,0,32.118317109676944
TopS044589,0.4186,24.9997,2.631e-18,2.385e-18,1.448e-18,-0.001,-90.2,0,32.268276757126316
TopS044590,0.4192,25.0019,2.279e-18,2.008e-18,1.109e-18,0.0,-90.22,0,32.2672999425809
TopS044591,0.5636,25.0404,2.093e-17,1.606e-17,6.651e-18,-0.001,-90.05,1,32.11838705693625
TopS044592,0.4198,25.0055,1.661e-17,1.268e-17,5.25e-18,-0.0,-90.2,1,32.266077703102276
TopS044593,0.42,25.0108,1.086e-18,1.752e-18,3.534e-18,0.001,-90.18,0,32.2649517236914
TopS044594,0.4198,25.0109,4.374e-18,9.048e-18,2.976e-17,-0.0,-90.17,0,32.26513110805321
TopS044595,0.5683,25.0353,3.158e-18,2.623e-18,1.269e-18,-0.0,-90.04,0,32.11465318877226
TopS044596,0.41,25.0107,2.924e-17,8.757e-17,6.185e-16,-0.0,-90.23,0,32.27481458388893
TopS044597,0.4118,25.0107,1.19e-13,1.073e-13,6.35e-14,-0.001,-90.11,1,32.27304241599186
TopS044598,0.4082,25.0131,1.497e-17,1.133e-17,4.896e-18,0.001,-90.15,1,32.27616646149051
TopS044599,0.5691,25.0256,1.849e-14,1.269e-14,4.273e-15,0.0,-90.15,0,32.11556720728522
TopS044600,0.416,25.0221,2.847e-18,2.416e-18,1.275e-18,0.001,-90.03,0,32.26691204198547
TopS044601,0.412,25.0207,1.27e-16,8.953e-17,3.287e-17,0.0,-90.04,0,32.27109522462875
TopS044602,0.5674,25.0177,4.917e-18,4.057e-18,1.991e-18,0.0,-90.1,0,32.1186286940346
TopS044603,0.4141,25.0276,1.033e-18,9.489e-19,5.518e-19,0.0,-90.05,0,32.26782156576707
TopS044604,0.5714,25.0146,1.77e-18,3.183e-18,7.715e-18,-0.0,-90.19,0,32.11523619663636
TopS044605,0.408,25.0275,3.328e-17,2.453e-17,9.916e-18,0.0,-89.88,0,32.27384526024837
TopS044606,0.4135,25.0357,1.798e-18,1.584e-18,8.793e-19,0.001,-89.97,0,32.26699842727901
TopS044607,0.5672,25.0075,8.945e-17,6.402e-17,2.371e-17,0.0,-90.18,0,32.12062031557241
TopS044608,0.4107,25.0398,7.55e-19,6.977e-19,4.31e-19,-0.0,-89.98,0,32.26904063096409
TopS044609,0.5718,25.0048,5.582e-18,4.585e-18,2.206e-18,0.001,-90.26,0,32.11656788993103
TopS044610,0.4108,25.0426,1.918e-16,1.313e-16,4.278e-17,0.0,-89.88,0,32.26845424511612
TopS044611,0.5673,24.9933,2.166e-16,1.526e-16,5.453e-17,0.001,-90.29,0,32.123025666801766
TopS044612,0.4066,25.0443,8.126e-19,7.676e-19,4.845e-19,0.001,-90.03,0,32.272293944194644
TopS044613,0.4084,25.0542,1.575e-16,1.148e-16,4.327e-17,0.0,-89.93,0,32.26879883580147
TopS044614,0.5743,24.9965,1.772e-16,1.193e-16,3.948e-17,0.0,-90.26,0,32.11557074687062
TopS044615,0.4094,25.0518,1.198e-19,1.413e-19,1.414e-19,0.0,-89.9,0,32.26823140985553
TopS044616,0.4077,25.0561,8.784e-19,1.502e-18,3.159e-18,-0.0,-89.73,0,32.269157917773825
TopS044617,0.4071,25.0602,1.169e-17,9.499e-18,4.41e-18,0.001,-89.85,0,32.26903650713808
TopS044618,0.5691,24.9843,8.544e-18,6.739e-18,3.117e-18,-0.0,-90.45,0,32.12284408383889
TopS044619,0.4121,25.064,1.761e-18,1.515e-18,8.456e-19,-0.0,-89.69,0,32.263452683378695
TopS044620,0.567,24.9744,5.094e-18,4.312e-18,2.186e-18,-0.0,-90.49,0,32.12666286497406
TopS044621,0.4112,25.075,3.933e-14,2.863e-14,1.118e-14,0.0,-89.87,0,32.26243153998978
TopS044622,0.5653,24.9693,1.01e-13,7.374e-14,2.858e-14,0.001,-90.34,0,32.12923957605678
TopS044623,0.4124,25.0812,1.922e-18,1.773e-18,1.105e-18,0.001,-89.75,0,32.26017612307112
TopS044624,0.5651,24.9637,4.743e-17,3.476e-17,1.334e-17,-0.0,-90.47,0,32.130429476478696
TopS044625,0.4152,25.0821,4.431e-17,3.388e-17,1.424e-17,-0.0,-89.75,0,32.25726261915457
TopS044626,0.4176,25.0891,6.535e-17,4.796e-17,1.81e-17,-0.0,-89.71,0,32.2536881302272
TopS044627,0.565,24.9526,4.777e-17,3.595e-17,1.427e-17,-0.001,-90.53,0,32.13249907889726
TopS044628,0.4175,25.0948,4.773e-16,3.245e-16,1.096e-16,0.001,-89.75,0,32.25280186080532
TopS044629,0.4181,25.0934,9.418e-19,8.794e-19,5.302e-19,0.0,-89.62,0,32.252452659979156
TopS044630,0.5552,24.949,3.698e-17,2.739e-17,1.059e-17,-0.0,-90.65,0,32.142782974365815
TopS044631,0.5632,24.9394,6.317e-20,7.351e-20,7.414e-20,-0.0,-90.54,0,32.13661923655692
TopS044632,0.5533,24.944,1.692e-18,1.536e-18,9.109e-19,-0.001,-90.61,0,32.145542060149765
TopS044633,0.4235,25.1116,6.195e-18,4.859e-18,2.13e-18,0.001,-89.66,0,32.243994701190694
TopS044634,0.4256,25.1036,4.496e-18,3.692e-18,1.767e-18,-0.0,-89.61,0,32.24330477513582
TopS044635,0.5513,24.9351,1.718e-17,1.427e-17,7.003e-18,0.0,-90.59,0,32.14909496880436
TopS044636,0.5533,24.9228,1.007e-17,8.026e-18,3.653e-18,0.0,-90.72,0,32.14932131076559
TopS044637,0.5486,24.9258,6.542e-17,4.798e-17,1.838e-17,0.0,-90.65,0,32.15341022138462
TopS044638,0.4343,25.118,8.93e-17,6.324e-17,2.259e-17,0.0,-89.6,0,32.23225423058256
TopS044639,0.5439,24.926,1.242e-17,9.808e-18,4.453e-18,-0.0,-90.72,1,32.157999087475794
TopS044641,0.4389,25.128,6.463e-19,1.101e-18,2.337e-18,0.0,-89.43,0,32.22600341211354
TopS044642,0.4393,25.1324,1.542e-16,1.085e-16,3.858e-17,0.001,-89.43,0,32.22485375075453
TopS044643,0.5361,24.9106,1.325e-18,3.057e-18,1.282e-17,0.0,-90.7,0,32.168424796067
TopS044644,0.5389,24.8992,7.125e-19,1.341e-18,3.608e-18,0.001,-90.72,0,32.16771107305276
TopS044645,0.5276,24.9113,1.047e-17,8.037e-18,3.379e-18,0.001,-90.71,1,32.176662605750515
TopS044646,0.4492,25.1439,3.702e-16,2.521e-16,8.371e-17,-0.001,-89.48,0,32.21312802501585
TopS044647,0.4576,25.1386,3.044e-16,2.077e-16,7.129e-17,0.0,-89.54,0,32.20576122724875
TopS044649,0.4596,25.1519,1.069e-17,8.636e-18,4.06e-18,0.001,-89.52,0,32.20151150263259
TopS044650,0.5186,24.8942,2.995e-16,2.034e-16,6.858e-17,0.0,-90.7,0,32.18857851821167
TopS044651,0.4705,25.1465,2.955e-17,2.272e-17,9.882e-18,-0.0,-89.48,1,32.19169757603581
TopS044652,0.4698,25.1515,1.647e-17,1.275e-17,5.6e-18,0.001,-89.49,1,32.19153060392241
TopS044653,0.4735,25.1488,2.55e-16,1.727e-16,5.737e-17,0.0,-89.53,0,32.188347796130486
TopS044654,0.4748,25.1549,3.491e-20,3.955e-20,3.698e-20,0.001,-89.43,0,32.18602231941644
TopS044655,0.4802,25.1533,1.089e-16,7.731e-17,2.89e-17,0.0,-89.45,0,32.18097598678992
TopS044656,0.488,25.1513,2.92e-16,2.042e-16,7.345e-17,0.0,-89.36,0,32.173633872906244
TopS044657,0.4942,24.8849,1.282e-18,2.073e-18,4.09e-18,-0.0,-90.73,0,32.21425073542013
TopS044658,0.4889,25.1618,8.647e-17,6.222e-17,2.22e-17,0.001,-89.43,0,32.17094963579874
TopS044659,0.4979,25.1565,7.947e-17,5.685e-17,2.114e-17,-0.001,-89.45,0,32.16298945868677
TopS044660,0.4776,24.8881,7.847e-19,1.392e-18,3.341e-18,0.0,-90.7,0,32.23000790834162
TopS044661,0.5033,25.1547,5.124e-16,3.469e-16,1.185e-16,-0.0,-89.49,0,32.15797757572015
TopS044662,0.4734,24.8794,3.277e-18,5.483e-18,1.167e-17,0.0,-90.72,0,32.23570002837787
TopS044663,0.4697,24.8835,2.659e-17,2.007e-17,8.389e-18,-0.0,-90.74,1,32.23860454682159
TopS044664,0.4579,24.898,2.314e-17,1.809e-17,8.036e-18,-0.0,-90.74,1,32.247617461553396
TopS044665,0.458,24.8873,1.174e-16,8.838e-17,3.679e-17,0.0,-90.65,0,32.24943406929727
TopS044666,0.5267,25.1626,7.088e-19,1.271e-18,3.133e-18,0.0,-89.66,0,32.13357030351453
TopS044667,0.5253,25.1498,1.985e-16,1.42e-16,5.13e-17,-0.0,-89.51,0,32.13714350999359
TopS044668,0.4499,24.8991,4.111e-18,3.603e-18,1.982e-18,0.0,-90.65,0,32.25529193623388
TopS044669,0.4415,24.8938,1.769e-18,1.456e-18,7.24e-19,-0.0,-90.71,0,32.26450417784491
TopS044671,0.5468,25.1486,1.127e-16,7.895e-17,2.858e-17,-0.0,-89.49,0,32.11616866563018
TopS044672,0.5557,25.1349,7.346000000000001e-20,8.476e-20,8.188000000000001e-20,-0.0,-89.59,0,32.109757243097924
TopS044674,0.5587,25.1355,2.07e-17,1.543e-17,6.285e-18,-0.0,-89.61,0,32.10669873713333
TopS044675,0.5677,25.1288,3.332e-19,3.513e-19,2.694e-19,0.0,-89.77,0,32.09898793761831
TopS044676,0.4105,24.9152,1.271e-18,1.151e-18,6.772e-19,0.0,-90.54,0,32.29118798984695
TopS044677,0.4046,24.9144,7.327e-19,7.042e-19,4.65e-19,-0.0,-90.54,0,32.29713616102555
TopS044678,0.4076,24.9304,9.182e-18,7.111e-18,3.145e-18,-0.0,-90.5,1,32.29133921100298
TopS044679,0.5824,25.1172,5.61e-18,5.148e-18,3.042e-18,0.001,-89.73,0,32.08651160025183
TopS044680,0.583,25.1077,1.126e-18,1.936e-18,4.318e-18,0.0,-89.8,0,32.087564357848684
TopS044681,0.5906,25.1038,3.495e-17,2.663e-17,1.127e-17,-0.0,-89.75,1,32.08075494151828
TopS044682,0.5946,25.1003,1.056e-18,9.801e-19,6.074e-19,0.0,-89.85,0,32.07742238938975
TopS044683,0.5889,25.0873,3.88e-18,5.71e-18,8.918e-18,0.001,-89.86,0,32.08529304857418
TopS044684,0.5946,25.0825,1.124e-17,8.893e-18,4.012e-18,-0.0,-89.82,1,32.080514634774985
TopS044685,0.3811,24.9667,5.124e-18,4.204e-18,2.072e-18,-0.0,-90.39,0,32.31099778519328
TopS044686,0.5954,25.0655,5.418e-18,4.592e-18,2.331e-18,0.0,-90.06,0,32.08268911950046
TopS044687,0.6053,25.0653,5.999e-20,6.916e-20,6.639000000000001e-20,-0.001,-90.12,0,32.072975988409
TopS044688,0.6077,25.0555,2.929e-16,2.006e-16,6.973e-17,0.001,-89.97,0,32.07232518567786
TopS044690,0.3711,25.0025,3.315e-17,2.572e-17,1.144e-17,0.0,-90.19,1,32.31454953578712
TopS044691,0.6089,25.0315,1.699e-18,1.507e-18,8.303e-19,-0.0,-90.13,0,32.075349584400705
TopS044692,0.6115,25.0255,3.7e-14,2.516e-14,8.621e-15,0.0,-90.15,0,32.073844271897414
TopS044693,0.366,25.0243,4.987e-18,4.061e-18,1.975e-18,0.0,-90.04,0,32.315758884408226
TopS044694,0.3638,25.0357,8.346e-17,6.142e-17,2.337e-17,0.0,-90.08,0,32.31593761932378
TopS044695,0.6208,25.0057,1.932e-16,1.349e-16,4.795e-17,0.0,-90.22,0,32.068176996799906
TopS044696,0.3669,25.047,6.77e-19,6.615e-19,4.566e-19,-0.0,-89.94,0,32.310918599741434
TopS044697,0.365,25.0604,1.827e-17,1.398e-17,5.998e-18,-0.001,-89.93,1,32.31046292587686
TopS044698,0.3639,25.0741,1.188e-17,9.358e-18,4.17e-18,0.001,-89.93,1,32.30917307380349
TopS044699,0.3681,25.0766,2.611e-18,3.738e-18,5.476e-18,-0.001,-89.83,0,32.30460391470774
TopS044700,0.6038,24.9589,1.347e-17,1e-17,4.078e-18,-0.001,-90.35,0,32.09319712652669
TopS044701,0.6082,24.9331,2.304e-18,1.946e-18,1.033e-18,-0.001,-90.52,0,32.093464432321305
TopS044702,0.6082,24.9403,3.14e-17,2.44e-17,1.043e-17,-0.0,-90.36,1,32.09217946953709
TopS044703,0.3764,25.1214,8.609e-19,1.214e-18,1.811e-18,0.001,-89.68,0,32.28870833925704
TopS044704,0.3875,25.1167,5.417e-17,4.051e-17,1.629e-17,-0.001,-89.74,0,32.278580595566204
TopS044705,0.5917,24.9137,1.208e-16,8.689e-17,3.269e-17,-0.0,-90.45,0,32.11316763883218
TopS044706,0.5907,24.9022,9.098e-18,7.301e-18,3.372e-18,-0.001,-90.63,0,32.11621271275919
TopS044707,0.397,25.1486,1.103e-18,2.652e-18,1.201e-17,0.0,-89.64,0,32.26375325654481
TopS044708,0.4066,25.1554,5.069e-18,4.376e-18,2.393e-18,0.0,-89.53,0,32.25313248856001
TopS044709,0.4122,25.1568,1.859e-17,1.475e-17,6.466e-18,-0.0,-89.58,1,32.247375659621916
TopS044710,0.5656,24.8695,2.767e-16,1.835e-16,6.054e-17,0.0,-90.72,1,32.14678409848551
TopS044711,0.418,25.1829,1.276e-16,9.036e-17,3.223e-17,0.0,-89.5,0,32.237212831592366
TopS044712,0.5516,25.0533,9.230000000000001e-20,9.891e-20,8.487000000000001e-20,0.0,-89.94,0,32.127946339843824
TopS044713,0.546,25.049,6.728e-14,5.254e-14,2.355e-14,0.0,-89.95,1,32.13421140690473
TopS044714,0.5521,25.0498,1.027e-18,1.866e-18,4.531e-18,-0.0,-89.94,0,32.128065467678844
TopS044715,0.5567,25.056,5.481e-19,1.07e-18,3.075e-18,-0.001,-89.89,0,32.12245323063758
TopS044717,0.5521,25.047,2.854e-19,5.32e-19,1.349e-18,-0.0,-89.98,0,32.12855488874526
TopS044718,0.5513,25.0447,1.12e-13,9.797e-14,5.29e-14,0.0,-89.96,1,32.129744758734205
TopS044719,0.424,24.994,2.912e-17,2.224e-17,9.334e-18,0.0,-90.31,1,32.263961879999954
TopS044720,0.5643,25.0468,5.137e-18,4.466e-18,2.436e-18,-0.0,-89.94,0,32.116577848887694
TopS044721,0.4102,24.9904,2.124e-17,1.652e-17,7.391e-18,0.0,-90.26,1,32.27817979372346
TopS044723,0.5627,25.042,1.465e-17,4.028e-17,2.363e-16,0.0,-89.97,0,32.11899304574777
TopS044724,0.558,25.0433,8.28e-18,6.62e-18,3.182e-18,0.0,-89.94,0,32.123392993941934
TopS044728,0.4231,25.0081,1.124e-18,2.044e-18,5.105e-18,0.0,-90.19,0,32.2623729302964
TopS044729,0.5428,25.0265,1.665e-18,2.528e-18,4.198e-18,0.0,-90.14,0,32.14130113211336
TopS044730,0.5583,25.0348,1.847e-18,3.977e-18,1.421e-17,0.0,-90.08,0,32.124586045527316
TopS044731,0.4155,25.0069,4.9980000000000007e-20,6.288000000000001e-20,7.446000000000001e-20,0.0,-90.16,0,32.270065602672766
TopS044732,0.416,25.0126,4.451e-18,3.803e-18,1.947e-18,-0.0,-90.24,0,32.26857454383774
TopS044733,0.4205,25.0196,3.888e-18,3.276e-18,1.626e-18,0.0,-90.05,0,32.26291867736187
TopS044734,0.5694,25.0358,9.739e-19,1.973e-18,6.112e-18,0.0,-89.99,0,32.113482581055464
TopS044735,0.4213,25.0122,1.107e-13,8.913e-14,4.21e-14,-0.001,-90.14,1,32.263426550047456
TopS044737,0.5645,25.0302,1.286e-18,2.117e-18,4.15e-18,0.0,-90.05,0,32.11928856281021
TopS044738,0.5635,25.025,1.268e-20,1.725e-20,2.4510000000000003e-20,0.0,-90.04,0,32.121185565593535
TopS044740,0.5626,25.023,9.428e-18,6.939e-18,2.741e-18,0.0,-90.09,0,32.12242275941784
TopS044742,0.5694,25.0238,1.554e-18,2.982e-18,8.51e-18,0.001,-90.22,0,32.11558794972586
TopS044743,0.4169,25.0288,5.948e-18,4.916e-18,2.365e-18,0.001,-90.05,0,32.264855004988014
TopS044744,0.4069,25.0211,1.811e-19,1.869e-19,1.492e-19,-0.0,-90.08,0,32.27604670832477
TopS044745,0.5598,25.0135,1.005e-17,7.751e-18,3.173e-18,0.0,-90.2,0,32.12684881778403
TopS044748,0.4133,25.0309,3.876e-18,7.821e-18,2.402e-17,0.001,-90.04,0,32.26803299265631
TopS044750,0.4185,25.0296,6.09e-20,7.240000000000001e-20,7.324000000000001e-20,0.0,-90.0,0,32.26313987439399
TopS044751,0.57,25.002,4.616e-20,5.49e-20,5.594000000000001e-20,0.0,-90.24,0,32.118833216855926
TopS044752,0.5648,25.0023,4.364e-17,3.324e-17,1.358e-17,-0.001,-90.29,0,32.123898912420124
TopS044753,0.4176,25.0444,4.102e-19,4.015e-19,2.75e-19,-0.0,-89.87,0,32.2614446522196
TopS044755,0.5715,24.9989,2.774e-17,2.125e-17,8.825e-18,0.0,-90.31,1,32.117903377753144
TopS044756,0.4153,25.0365,1.138e-18,1.08e-18,6.913e-19,-0.001,-89.9,0,32.26508647885262
TopS044757,0.5634,24.9995,4.679e-17,3.485e-17,1.376e-17,-0.0,-90.23,0,32.12577059992562
TopS044758,0.4087,25.0483,2.28e-18,1.937e-18,1.01e-18,0.0,-89.9,0,32.269529666537764
TopS044761,0.4153,25.0535,7.926e-18,6.879e-18,3.7e-18,-0.0,-89.95,0,32.26212566309506
TopS044762,0.4078,25.055,1.257e-19,1.322e-19,1.07e-19,0.0,-89.91,0,32.269250629155216
TopS044763,0.4232,25.0532,2.818e-18,2.468e-18,1.386e-18,-0.001,-89.87,0,32.254398263309106
TopS044764,0.4114,25.0484,6.93e-18,5.993e-18,3.107e-18,-0.001,-89.99,0,32.26685346725471
TopS044765,0.4106,25.0488,4.76e-20,5.697e-20,5.904e-20,-0.001,-89.85,0,32.26757164504626
TopS044766,0.5607,24.994,3.926e-18,3.412e-18,1.903e-18,0.0,-90.36,0,32.12939848431791
TopS044767,0.4156,25.0646,1.901e-18,4.754e-18,2.249e-17,-0.0,-89.72,0,32.25990166613926
TopS044768,0.5671,24.9699,1.899e-17,1.427e-17,5.9e-18,0.0,-90.43,0,32.12736172862646
TopS044769,0.5639,24.9879,1.794e-19,1.868e-19,1.497e-19,0.001,-90.29,0,32.12732591350821
TopS044770,0.5684,24.9796,2.888e-17,2.141e-17,8.471e-18,0.0,-90.34,0,32.12436441645934
TopS044771,0.4146,25.0816,7.465e-15,4.933e-15,1.574e-15,0.0,-89.77,0,32.2579400942229
TopS044774,0.5558,24.9766,1.217e-18,2.33e-18,6.371e-18,-0.0,-90.57,0,32.13729644929214
TopS044775,0.5649,24.9653,1.332e-20,1.7860000000000002e-20,2.366e-20,0.0,-90.52,0,32.13034247540158
TopS044779,0.4219,25.0772,1.124e-17,8.682e-18,3.875e-18,0.0,-89.72,0,32.25151220070943
TopS044782,0.4173,25.0913,9.206e-19,1.901e-18,6.165e-18,-0.001,-89.77,0,32.253603416702774
TopS044783,0.5613,24.9451,1.591e-18,1.485e-18,9.134e-19,-0.0,-90.56,0,32.13747399976931
TopS044784,0.5526,24.9532,3.454e-14,2.414e-14,8.51e-15,-0.0,-90.55,0,32.14459508349253
TopS044786,0.5543,24.9541,1.553e-19,1.647e-19,1.324e-19,-0.0,-90.54,0,32.14276223477426
TopS044787,0.4191,25.1157,5.698e-19,5.37e-19,3.457e-19,0.0,-89.62,0,32.2476232812156
TopS044788,0.5505,24.9474,5.495e-18,7.848e-18,1.187e-17,0.0,-90.58,0,32.14769258132778
TopS044789,0.4309,25.094,6.15e-17,4.455e-17,1.746e-17,0.0,-89.54,0,32.239741448878824
TopS044791,0.546,24.9413,2.101e-18,1.865e-18,1.068e-18,0.001,-90.6,0,32.15320603862456
TopS044793,0.548,24.9301,1.089e-18,9.879e-19,6.026e-19,-0.0,-90.62,0,32.15323346130026
TopS044794,0.545,24.9327,1.167e-18,1.074e-18,6.6e-19,0.0,-90.63,0,32.155721842275085
TopS044795,0.4435,25.0955,8.399e-18,6.682e-18,3.059e-18,-0.0,-89.59,0,32.227071781135386
TopS044796,0.4358,25.119,2.54e-19,2.669e-19,2.154e-19,-0.0,-89.52,0,32.230604541525
TopS044797,0.5364,24.9367,3.372e-19,3.356e-19,2.37e-19,-0.0,-90.59,0,32.163471622740374
TopS044798,0.5434,24.9143,2.136e-18,3.614e-18,7.943e-18,-0.0,-90.59,0,32.16058081714473
TopS044799,0.5377,24.9219,2.73e-18,2.284e-18,1.178e-18,-0.001,-90.67,0,32.16483131392591
TopS044801,0.532,24.9212,4.728e-18,4.005e-18,2.086e-18,-0.001,-90.62,0,32.17056471386885
TopS044802,0.4458,25.131,1.964e-18,1.7e-18,9.456e-19,0.0,-89.54,0,32.21869066301962
TopS044803,0.5295,24.9233,1.173e-13,9.538e-14,4.613e-14,0.0,-90.67,1,32.172649766866876
TopS044805,0.5305,24.9121,4.603e-18,3.829e-18,1.903e-18,0.001,-90.64,0,32.173666301435325
TopS044806,0.5302,24.9053,7.075e-15,4.546e-15,1.399e-15,-0.001,-90.65,0,32.1751778783073
TopS044807,0.448,25.1503,1.473e-16,1.098e-16,4.293e-17,-0.0,-89.58,0,32.213214173853494
TopS044809,0.5271,24.8906,1.12e-16,8.018e-17,2.911e-17,0.001,-90.8,0,32.180861920012724
TopS044810,0.5246,24.891,7.732e-18,6.471e-18,3.321e-18,-0.001,-90.63,0,32.183249601863245
TopS044812,0.5222,24.8998,8.252e-20,8.901000000000001e-20,7.37e-20,-0.0,-90.67,0,32.18403336090366
TopS044813,0.4671,25.1525,9.217e-19,1.932e-18,6.385e-18,-0.0,-89.55,0,32.19401950503444
TopS044815,0.4707,25.1417,7.923e-19,1.623e-18,5.19e-18,-0.001,-89.57,0,32.19232361629212
TopS044816,0.5098,24.8905,3.3980000000000005e-20,3.9850000000000005e-20,3.9910000000000006e-20,-0.0,-90.74,0,32.19789929416512
TopS044817,0.5044,24.8974,2.351e-18,3.936e-18,8.497e-18,-0.001,-90.66,0,32.201975394536355
TopS044819,0.4986,24.8986,5.277e-17,3.841e-17,1.493e-17,0.0,-90.66,0,32.207466809468926
TopS044822,0.4904,24.9056,1.36e-19,1.472e-19,1.235e-19,0.0,-90.82,0,32.214282330107785
TopS044823,0.4883,25.1591,2.066e-18,1.795e-18,9.654e-19,-0.0,-89.52,0,32.172002695208214
TopS044824,0.4911,24.8966,7.063e-20,8.186e-20,7.713000000000001e-20,0.0,-90.74,0,32.215203692953935
TopS044826,0.4878,24.894,6.49e-18,5.356e-18,2.587e-18,-0.0,-90.65,0,32.218915922600885
TopS044827,0.479,24.8922,2.9e-17,2.176e-17,9.23e-18,-0.0,-90.71,0,32.22789601367965
TopS044830,0.4603,24.8932,3.283e-18,7.257e-18,2.67e-17,0.0,-90.64,0,32.246114842811885
TopS044832,0.5157,25.1516,7.927e-20,9.158e-20,8.824000000000001e-20,-0.001,-89.5,0,32.14629244720143
TopS044834,0.4532,24.883,1.381e-18,1.233e-18,7.125e-19,0.0,-90.75,0,32.25492687385469
TopS044835,0.452,24.8967,1.7020000000000003e-20,2.248e-20,2.814e-20,0.0,-90.66,0,32.253654828813424
TopS044836,0.5335,25.1365,1.775e-18,1.567e-18,8.59e-19,0.0,-89.59,0,32.13135055135877
TopS044837,0.5294,25.1428,1.255e-18,2.313e-18,5.74e-18,-0.0,-89.53,0,32.13430634775039
TopS044838,0.4431,24.8995,3.911e-18,5.945e-18,1.015e-17,0.0,-90.67,0,32.261910985596934
TopS044839,0.5404,25.1364,6.486e-14,4.773e-14,1.857e-14,0.0,-89.6,0,32.1245706535757
TopS044841,0.5438,25.1424,5.959e-14,5.275e-14,3.074e-14,-0.0,-89.62,1,32.12018936401473
TopS044842,0.5555,25.1415,4.817e-20,5.3360000000000007e-20,4.81e-20,0.001,-89.68,0,32.108818398387484
TopS044843,0.5601,25.1263,1.043e-19,1.177e-19,1.089e-19,-0.0,-89.71,0,32.10690522000219
TopS044845,0.5627,25.1409,6.833e-19,6.294e-19,4.034e-19,0.001,-89.59,0,32.101828952168255
TopS044848,0.4141,24.9187,4.758e-19,4.322e-19,2.594e-19,0.0,-90.45,0,32.28702249768568
TopS044850,0.4128,24.9235,9.665e-18,7.767e-18,3.586e-18,0.0,-90.46,0,32.28744796367363
TopS044851,0.5839,25.126,2.05e-17,1.545e-17,6.275e-18,-0.0,-89.74,0,32.08351397155593
TopS044853,0.4075,24.9384,4.53e-18,3.805e-18,1.938e-18,-0.0,-90.48,0,32.29001806608623
TopS044855,0.3795,24.9306,6.152e-19,1.155e-18,3.129e-18,0.0,-90.43,0,32.31895757919044
TopS044857,0.5951,25.0982,1.503e-17,1.18e-17,5.156e-18,-0.001,-89.77,1,32.07729429105683
TopS044858,0.5877,25.0873,1.006e-18,1.383e-18,1.961e-18,-0.0,-89.94,0,32.086474783199264
TopS044859,0.3783,24.9545,5.264e-19,5.159e-19,3.519e-19,0.001,-90.49,0,32.315907230838135
TopS044860,0.5846,25.0713,1.374e-17,3.715e-17,2.087e-16,-0.0,-89.95,0,32.09231214803084
TopS044861,0.3822,24.9652,1.063e-18,1.807e-18,3.8e-18,0.001,-90.14,0,32.31017956509787
TopS044863,0.3628,24.9701,1.508e-18,2.897e-18,8.056e-18,-0.001,-90.25,0,32.32841216743354
TopS044864,0.3857,24.9825,1.177e-18,1.029e-18,5.74e-19,-0.0,-90.2,0,32.303687159139386
TopS044865,0.3734,24.9886,2.718e-17,2.045e-17,8.611e-18,-0.0,-90.16,1,32.31472355067982
TopS044866,0.3761,24.9938,1.587e-17,1.303e-17,6.396e-18,0.0,-90.31,0,32.31115255091711
TopS044867,0.5939,25.0419,9.476e-18,7.351e-18,3.197e-18,-0.0,-89.97,0,32.08829273621561
TopS044869,0.6164,25.0339,8.98e-17,6.112e-17,2.074e-17,0.001,-90.02,0,32.06754469018403
TopS044872,0.3734,25.0284,1.403e-17,1.088e-17,4.812e-18,-0.001,-90.1,1,32.30775701796697
TopS044873,0.6102,25.0078,7.9e-19,1.476e-18,3.82e-18,0.0,-90.15,0,32.07824036508771
TopS044874,0.3711,25.045,1.501e-18,2.913e-18,8.264e-18,0.0,-89.91,0,32.30713036598249
TopS044875,0.3628,25.0436,3.261e-18,2.682e-18,1.308e-18,-0.0,-89.99,0,32.31554735953605
TopS044877,0.3682,25.0494,6.967e-14,5.21e-14,2.111e-14,-0.0,-90.0,0,32.30922122946562
TopS044878,0.617,24.966,1.459e-19,1.607e-19,1.406e-19,-0.0,-90.41,0,32.07894552865913
TopS044879,0.3501,25.0549,8.186e-19,7.422e-19,4.424e-19,-0.0,-89.9,0,32.32609114182393
TopS044880,0.3742,25.0777,3.995e-18,3.391e-18,1.771e-18,0.0,-89.71,0,32.29840559255428
TopS044883,0.3796,25.0935,1.473e-17,1.149e-17,5.039e-18,0.0,-89.68,1,32.2903574396742
TopS044884,0.3749,25.117,1.463e-18,2.694e-18,6.971e-18,0.0,-89.7,0,32.29094165191908
TopS044885,0.3862,25.0987,1.632e-17,1.282e-17,5.75e-18,0.0,-89.72,1,32.28295954437417
TopS044887,0.5911,24.9141,3.402e-16,2.287e-16,7.619e-17,-0.0,-90.5,0,32.11368631643904
TopS044888,0.5998,24.9055,8.98e-18,7.509e-18,3.836e-18,0.0,-90.53,0,32.10666835123458
TopS044889,0.5981,24.9039,7.053e-18,5.808e-18,2.882e-18,-0.001,-90.68,0,32.10862778666421
TopS044890,0.5829,24.8916,6.792e-19,6.802e-19,4.933e-19,-0.0,-90.5,0,32.12578917960133
TopS044891,0.5864,24.8848,6.781e-19,6.291e-19,3.826e-19,0.001,-90.57,0,32.123568857099144
TopS044892,0.4027,25.139,1.651e-18,3.421e-18,1.137e-17,0.001,-89.67,0,32.259780009595
TopS044893,0.577,24.8845,2.7700000000000005e-20,3.2550000000000003e-20,3.397e-20,0.001,-90.65,0,32.13286947867574
TopS044894,0.567,24.8862,9.145e-18,2.124e-17,8.767e-17,0.0,-90.61,0,32.142400794044
TopS044896,0.419,25.1769,1.541e-18,1.439e-18,9.241e-19,0.0,-89.58,0,32.23724815001732
TopS044898,0.5551,24.8546,1.88e-20,2.491e-20,3.175e-20,0.0,-90.71,0,32.15980047720131
TopS044899,0.4432,25.1772,2.3470000000000003e-20,2.883e-20,3.107e-20,-0.0,-89.57,0,32.213350470091974
TopS044901,0.4448,25.1965,1.643e-20,2.032e-20,2.236e-20,0.0,-89.47,0,32.2084918709365
TopS044903,0.1897,25.3658,2.246e-18,4.546e-18,1.38e-17,0.001,-88.23,0,32.431829708344985
TopS044904,0.1804,25.345,3.021e-18,2.472e-18,1.231e-18,0.0,-88.62,0,32.44440843556843
TopS044905,0.19,25.3564,2.582e-17,1.934e-17,7.679e-18,-0.001,-88.38,0,32.433070763570946
TopS044906,0.1951,25.3503,5.784e-18,4.517e-18,1.976e-18,0.0,-89.12,0,32.42903853822198
TopS044907,0.1763,25.3492,9.033e-14,7.605e-14,3.772e-14,-0.001,-88.86,1,32.447764731773056
TopS044909,0.1912,25.3558,6.328e-18,4.867e-18,2.132e-18,0.0,-89.8,0,32.43198514442867
TopS044910,0.197,25.3778,4.345e-20,5.1770000000000007e-20,5.298e-20,0.0,-88.37,0,32.42266908488973
TopS044912,0.1687,25.3605,5.538e-19,8.669e-19,1.638e-18,0.001,-88.29,0,32.453413482738384
TopS044914,0.1987,25.3314,1.146e-18,1.041e-18,6.389e-19,0.0,-88.0,0,32.428589909109284
TopS044916,0.187,25.3491,5.596000000000001e-20,6.703e-20,6.86e-20,0.001,-88.15,0,32.43722568732981
TopS044920,0.1953,25.3818,1.137e-18,2.264e-18,7.142e-18,-0.0,-89.95,0,32.4236944240986
TopS044921,0.192,25.3761,6.058e-14,4.394e-14,1.728e-14,0.0,-89.73,0,32.42787936755832
TopS044922,0.1902,25.3684,1.168e-20,1.532e-20,1.972e-20,0.001,-88.32,0,32.4309117571797
TopS044924,0.2019,25.362,3.361e-17,2.537e-17,1.033e-17,-0.0,-90.26,1,32.42041493561553
TopS044925,0.1959,25.3637,3.101e-19,6.345e-19,2.021e-18,-0.001,-88.94,0,32.42605623212346
TopS044927,0.1995,25.3868,7.212e-19,6.891e-19,4.448e-19,-0.0,-88.93,0,32.418736225115964
TopS044928,0.1931,25.3701,8.872e-19,7.938e-19,4.602e-19,-0.0,-89.43,0,32.42777310367344
TopS044929,0.1964,25.3658,4.212e-19,4.042e-19,2.715e-19,0.0,-89.04,0,32.42521974298846
TopS044933,0.1758,25.352,3.444e-19,3.453e-19,2.46e-19,0.0,-90.08,0,32.44779945720258
TopS044936,0.193,25.3596,2.4400000000000004e-20,3.106e-20,3.686e-20,-0.001,-88.93,0,32.42958762614855
TopS044937,0.1774,25.367,4.864e-20,5.615000000000001e-20,5.387e-20,-0.0,-89.05,0,32.443768567073185
TopS044938,0.2111,25.3519,1.775e-18,3.355e-18,9.113e-18,0.0,-90.22,0,32.412992644263966
TopS044939,0.1996,25.3639,4.844e-14,3.384e-14,1.19e-14,-0.0,-89.19,0,32.42237330971139
TopS044942,0.1729,25.3606,2.197e-20,2.697e-20,3.062e-20,-0.0,-89.82,0,32.44925361159039
TopS044945,0.1893,25.3705,4.16e-20,4.948e-20,5.0820000000000006e-20,-0.0,-88.67,0,32.43145683274546
TopS044949,0.173,25.3535,9.74e-19,9.066e-19,5.533e-19,-0.0,-87.93,0,32.450316162877876
TopS044952,0.2004,25.3817,1.143e-17,8.993e-18,4.055e-18,0.0,-88.84,1,32.41867886743068
TopS044955,0.189,25.3733,3.523e-19,3.663e-19,2.798e-19,-0.0,-89.94,0,32.43129589363603
TopS044956,0.2083,25.3554,8.5e-19,7.865e-19,4.814e-19,-0.0,-89.91,0,32.41518138754642
TopS044959,0.1942,25.3616,2.623e-18,2.244e-18,1.179e-18,0.001,-88.46,0,32.42807669098766
TopS044963,0.1611,25.3701,1.887e-19,2.102e-19,1.823e-19,0.001,-88.31,0,32.45934419028405
TopS044964,0.1957,25.3631,8.519e-19,7.881e-19,4.925e-19,0.0,-89.75,0,32.42635162552941
TopS044966,0.1851,25.3795,2.751e-18,5.395e-18,1.582e-17,-0.001,-88.26,0,32.434132865387575
TopS044967,0.1917,25.3464,3.513e-20,4.341e-20,4.7500000000000006e-20,0.0,-88.92,0,32.43303181252339
TopS044969,0.1858,25.3544,1.753e-20,2.291e-20,2.843e-20,-0.0,-90.01,0,32.43754147219347
TopS044970,0.1955,25.3621,9.369e-20,1.082e-19,1.018e-19,-0.0,-90.07,0,32.426712430420835
TopS044973,0.1856,25.3458,1.657e-19,1.737e-19,1.363e-19,-0.0,-89.92,0,32.439147638552335
TopS044975,0.1817,25.3401,1.41e-18,1.253e-18,7.023e-19,0.0,-88.34,0,32.44392976606544
TopS044978,0.1967,25.3574,6.005000000000001e-20,6.702000000000001e-20,6.182e-20,0.0,-89.35,0,32.426297440535286
TopS044979,0.1998,25.3697,6.429e-18,5.616e-18,3.037e-18,0.0,-88.95,0,32.421228333029276
TopS044980,0.1846,25.3639,9.432e-20,1.017e-19,8.669000000000001e-20,0.0,-90.05,0,32.43717160965618
TopS044982,0.1945,25.339,1.1080000000000002e-20,1.466e-20,1.895e-20,0.0,-88.98,0,32.43148395927013
TopS044985,0.185,25.3559,1.537e-19,1.698e-19,1.554e-19,-0.0,-89.06,0,32.438085181097975
TopS044986,0.1869,25.364,1.9230000000000003e-20,2.301e-20,2.426e-20,-0.001,-89.74,0,32.434886183737596
TopS044987,0.1917,25.3694,9.775e-15,1.334e-14,1.838e-14,-0.0,-88.99,0,32.429268604599166
TopS044991,0.1894,25.3391,1.054e-13,8.466e-14,3.849e-14,0.0,-88.07,1,32.43649833194271
TopS044996,0.1713,25.3829,2.875e-18,2.402e-18,1.23e-18,-0.0,-88.65,0,32.447194948289656
TopS045000,0.1718,25.3755,5.774e-19,5.717e-19,3.97e-19,-0.0,-89.78,0,32.447906926804315
TopS045001,0.1956,25.352,3.327e-18,2.899e-18,1.548e-18,-0.001,-88.52,0,32.428266769206715
TopS045003,0.1827,25.344,3.7230000000000005e-20,4.528e-20,4.8810000000000006e-20,0.0,-89.89,0,32.44230353422394
TopS045004,0.1746,25.3646,5.502e-18,4.426e-18,2.086e-18,-0.0,-88.29,0,32.446922906315336
TopS045005,0.1872,25.3424,5.2810000000000007e-20,6.126e-20,6.028e-20,-0.001,-90.27,0,32.43812692177364
TopS045007,0.186,25.3803,1.098e-18,1.025e-18,6.658e-19,-0.001,-88.34,0,32.43311454950674
TopS045008,0.1674,25.3569,1.008e-13,7.657e-14,3.101e-14,-0.0,-88.11,0,32.45528450828051
TopS045009,0.1891,25.3626,2.845e-20,3.3420000000000006e-20,3.452e-20,-0.0,-89.97,0,32.43294457775676
TopS045013,0.1951,25.3811,1.484e-18,1.388e-18,8.86e-19,0.001,-88.38,0,32.42400580146194
TopS045015,0.1976,25.3633,2.712e-18,2.247e-18,1.126e-18,-0.0,-89.35,0,32.424444491277356
TopS045017,0.1822,25.3486,7.213e-20,8.558e-20,8.395000000000002e-20,-0.0,-88.49,0,32.44204274043384
TopS045018,0.1998,25.3694,3.689e-20,4.631e-20,5.2530000000000007e-20,-0.001,-89.66,0,32.42127732553487
TopS045021,0.182,25.3634,1.408e-17,1.125e-17,5.414e-18,0.0,-89.86,0,32.43981836563906
TopS045022,0.2022,25.3855,3.148e-18,2.696e-18,1.433e-18,0.0,-88.05,0,32.4162839119971
TopS045025,0.1888,25.3678,2.794e-18,2.43e-18,1.267e-18,0.0,-88.34,0,32.43239094448045
TopS045027,0.1898,25.3474,3.851e-18,7.657e-18,2.321e-17,0.0,-89.58,0,32.43474216206163
TopS045028,0.1943,25.34,4.427e-19,4.551e-19,3.425e-19,0.001,-89.94,0,32.43151706192081
TopS045029,0.1836,25.3703,8.726e-19,8.123e-19,5.096e-19,-0.001,-88.84,0,32.4371130406018
TopS045030,0.1712,25.3832,3.829e-18,3.197e-18,1.575e-18,-0.0,-88.39,0,32.44724478635271
TopS045033,0.1796,25.361,1.24e-20,1.6510000000000002e-20,2.207e-20,-0.0,-88.88,0,32.442578338507836
TopS045036,0.2056,25.3792,7.045e-18,5.575e-18,2.529e-18,0.0,-87.96,0,32.413955901685846
TopS045039,0.2094,25.3516,7.619000000000001e-20,8.527000000000001e-20,7.675000000000001e-20,-0.0,-88.54,0,32.41471882500187
TopS045041,0.1981,25.3588,3.272e-19,3.372e-19,2.552e-19,0.0,-88.81,0,32.42468721622825
TopS045043,0.1872,25.3829,2.7150000000000005e-20,3.325e-20,3.587e-20,0.001,-89.57,0,32.43150708373439
TopS045044,0.1991,25.3783,3.6800000000000006e-20,4.27e-20,4.382e-20,-0.0,-89.15,0,32.420515663340346
TopS045045,0.1839,25.3718,4.98e-20,6.032e-20,6.276e-20,-0.0,-89.58,0,32.43657228645894
TopS045046,0.2018,25.3654,7.814e-14,6.386e-14,3.017e-14,-0.0,-88.35,1,32.41995770987653
TopS045051,0.1772,25.3738,2.277e-17,1.736e-17,7.144e-18,-0.0,-88.83,1,32.44285632306757
TopS045053,0.172,25.3574,4.089e-18,3.345e-18,1.605e-18,0.0,-89.85,0,32.45066466703056
TopS045056,0.2017,25.3534,7.343e-19,6.798e-19,4.253e-19,0.0,-89.13,0,32.42201983518311
TopS045059,0.1836,25.3609,1.5090000000000003e-20,2.0890000000000003e-20,2.968e-20,-0.0,-88.68,0,32.43864849685467
TopS045060,0.1761,25.3453,1.185e-18,2.366e-18,7.22e-18,0.0,-90.1,0,32.44860108274566
TopS045061,0.1571,25.3732,1.426e-18,2.701e-18,7.366e-18,0.0,-88.81,0,32.46278523144382
TopS045062,0.2075,25.3597,1.892e-19,1.94e-19,1.466e-19,0.001,-89.4,0,32.415266646131016
TopS045063,0.1756,25.3783,4.58e-20,5.449e-20,5.784e-20,0.0,-88.59,0,32.443701438444045
TopS045065,0.1861,25.3441,4.234e-18,5.586e-18,7.154e-18,0.001,-88.0,0,32.438933167637394
TopS045067,0.1745,25.3817,1.068e-18,2.326e-18,8.298e-18,0.0,-88.52,0,32.44423298584197
TopS045068,0.1955,25.33,2.29e-14,1.551e-14,5.061e-15,0.0,-88.03,0,32.43197658183993
TopS045069,0.1965,25.3441,2.587e-20,3.319e-20,3.9780000000000005e-20,0.001,-89.86,0,32.428674031702954
TopS045070,0.1967,25.3609,9.567e-19,8.644e-19,5.156e-19,-0.0,-88.23,0,32.425724822623344
TopS045072,0.1982,25.3724,4.0260000000000005e-20,4.905e-20,5.104e-20,-0.0,-88.74,0,32.42236606589709
TopS045073,0.1838,25.3513,9.032e-19,8.248e-19,4.891e-19,-0.001,-88.59,0,32.44002205919026
TopS045074,0.1764,25.3473,1.263e-20,1.7720000000000002e-20,2.626e-20,0.0,-88.26,0,32.44797736148884
TopS045075,0.1994,25.3696,1.603e-19,1.686e-19,1.364e-19,-0.001,-89.77,0,32.42163929376018
TopS045077,0.1943,25.3698,6.253e-14,4.425e-14,1.609e-14,-0.0,-89.02,0,32.42663818498839
TopS045078,0.164,25.3395,4.429e-20,5.2330000000000006e-20,5.484000000000001e-20,0.001,-89.16,0,32.46148835757578
TopS045079,0.1806,25.3901,4.0740000000000006e-20,4.824e-20,4.8340000000000005e-20,0.0,-88.19,0,32.43684753114303
TopS045080,0.2001,25.3744,1.462e-20,1.96e-20,2.576e-20,-0.0,-88.07,0,32.42016515682122
TopS045082,0.1988,25.3636,6.239000000000001e-20,7.138e-20,6.97e-20,0.001,-90.2,0,32.42321159094371
TopS045085,0.1803,25.3438,2.974e-20,3.7420000000000006e-20,4.4870000000000007e-20,0.001,-87.97,0,32.44470384163286
TopS045086,0.1713,25.3781,4.071e-19,3.948e-19,2.736e-19,0.001,-89.19,0,32.44797657237572
TopS045089,0.2012,25.3444,2.647e-19,2.712e-19,2.011e-19,0.0,-88.39,0,32.42398849845011
TopS045090,0.1962,25.3678,4.637e-18,3.925e-18,2.028e-18,-0.0,-88.92,0,32.42509030882748
TopS045091,0.1873,25.3604,2.094e-20,2.69e-20,3.355e-20,0.001,-88.42,0,32.435080041119974
TopS045094,0.1909,25.3576,2.288e-19,2.271e-19,1.662e-19,-0.0,-89.52,0,32.431986529004334
TopS045095,0.1851,25.3362,2.151e-19,2.314e-19,1.91e-19,-0.0,-88.51,0,32.441216155132885
TopS045098,0.1831,25.3577,9.13e-18,7.698e-18,3.863e-18,0.001,-89.45,0,32.43966507510897
TopS045099,0.1832,25.373,5.142e-20,6.092000000000001e-20,6.185000000000001e-20,0.001,-89.98,0,32.43706713772677
TopS045100,0.1793,25.3706,4.146e-19,4.363e-19,3.591e-19,0.001,-88.5,0,32.441306440431134
TopS045102,0.1895,25.3616,9.687e-18,7.632e-18,3.511e-18,0.001,-90.97,0,32.43271343885024
TopS045103,0.1895,25.3618,2.057e-17,1.662e-17,7.914e-18,0.0,-91.33,0,32.432680740296966
TopS045104,0.1897,25.3616,2.59e-14,1.768e-14,5.885e-15,0.0,-85.78,0,32.43251613005962
TopS045105,0.1895,25.3616,1.482e-18,1.323e-18,7.862e-19,-0.0,-90.15,0,32.43271343885024
TopS045106,0.1896,25.3616,2.366e-17,1.818e-17,7.597e-18,0.0,-89.35,1,32.432614784450806
TopS045107,0.1894,25.3617,1.75e-18,1.579e-18,9.104e-19,-0.0,-87.41,0,32.432795743880966
TopS045108,0.1895,25.3618,8.264e-19,7.548e-19,4.612e-19,0.0,-84.25,0,32.432680740296966
TopS045110,0.1896,25.3616,6.867e-17,5.038e-17,1.986e-17,0.0,-84.51,0,32.432614784450806
TopS045111,0.2244,25.4711,5.409e-19,5.24e-19,3.602e-19,0.0,-88.54,0,32.380541929329354
TopS045113,0.067,25.4409,4.686e-19,4.348e-19,2.738e-19,0.0,-88.79,0,32.54074822562726
TopS045114,0.1216,25.4058,4.6620000000000005e-20,5.2180000000000013e-20,4.8330000000000006e-20,-0.001,-89.02,0,32.492519319863064
TopS045120,0.1734,25.318,3.5e-19,3.558e-19,2.668e-19,-0.001,-88.01,0,32.45575033407544
TopS045122,0.1257,25.2279,2.528e-19,2.654e-19,2.069e-19,-0.0,-89.07,0,32.51774120839719
TopS045123,0.1893,25.5526,1.63e-19,1.82e-19,1.589e-19,0.0,-88.32,0,32.402231142687164
TopS045124,0.1721,25.4248,3.012e-19,3.058e-19,2.258e-19,0.0,-88.48,0,32.4396118837711
TopS045125,0.0675,25.3456,1.084e-19,1.252e-19,1.161e-19,0.0,-88.6,0,32.55568800947604
TopS045129,0.1874,25.3829,1.8540000000000003e-20,2.191e-20,2.2820000000000003e-20,-0.001,-89.05,0,32.4313097534206
TopS045131,0.258,25.2547,2.929e-19,4.82e-19,1.002e-18,0.0,-89.54,0,32.382823009691194
TopS045132,0.2841,25.3498,1.164e-18,1.027e-18,5.684e-19,0.001,-89.02,0,32.341326983827585
TopS045133,0.214,25.4928,1.298e-20,1.777e-20,2.5550000000000003e-20,-0.001,-88.53,0,32.387335345373806
TopS045134,0.3104,25.2603,4.926e-14,4.116e-14,2.1e-14,-0.001,-89.55,1,32.33022398978497
TopS045137,0.1464,25.3509,3.6870000000000006e-20,4.3840000000000006e-20,4.3090000000000005e-20,-0.0,-88.28,0,32.476983081096755
TopS045140,0.0853,25.4542,1.091e-20,1.414e-20,1.6690000000000002e-20,-0.0,-88.49,0,32.52055225086567
TopS045148,0.2559,25.3224,1.684e-18,1.434e-18,7.713e-19,-0.0,-88.38,0,32.37365383607174
TopS045150,0.2178,25.2788,1.7330000000000003e-20,2.1230000000000003e-20,2.393e-20,-0.001,-88.82,0,32.41844659447864
TopS045158,0.2128,25.2043,1.583e-20,1.981e-20,2.3200000000000003e-20,0.001,-88.74,0,32.435834522065974
TopS045161,0.2442,25.3354,1.052e-18,9.696e-19,5.955e-19,-0.001,-89.65,0,32.38305175786005
TopS045164,0.1302,25.5318,1.531e-18,1.395e-18,8.405e-19,-0.0,-88.3,0,32.463874349914256
TopS045166,0.2577,25.2885,9.339e-20,1.053e-19,9.614000000000001e-20,0.0,-88.82,0,32.377489747022246
TopS045169,0.1207,25.3656,2.856e-20,3.403e-20,3.527e-20,0.0,-88.42,0,32.49993723741072
TopS045170,0.1072,25.3677,3.183e-18,6.049e-18,1.678e-17,0.0,-89.36,0,32.51291452066227
TopS045171,0.1722,25.5113,1.022e-18,9.204e-19,5.196e-19,0.001,-89.05,0,32.42565466606798
TopS045174,0.1817,25.4134,1.167e-20,1.569e-20,2.087e-20,0.001,-89.03,0,32.431981697529466
TopS045176,0.0667,25.4103,1.255e-18,1.091e-18,6.022e-19,-0.0,-89.08,0,32.5459700956872
TopS045178,0.1953,25.341,1.348e-19,1.496e-19,1.321e-19,0.001,-89.75,0,32.43036647210335
TopS045183,0.0376,25.2483,1.651e-18,1.576e-18,1.007e-18,0.0,-89.63,0,32.60120947422798
TopS045188,0.1672,25.2623,2.291e-19,2.381e-19,1.896e-19,0.0,-88.88,0,32.47108548207461
TopS045191,0.1886,25.2774,5.1310000000000005e-20,6.115000000000001e-20,6.244000000000001e-20,-0.0,-89.95,0,32.44747362354877
TopS045193,0.1537,25.5146,1.043e-18,1.668e-18,3.228e-18,-0.001,-89.09,0,32.44339574779541
TopS045197,0.2267,25.4906,2.329e-19,2.376e-19,1.806e-19,0.001,-89.19,0,32.37514984357165
TopS045198,0.1644,25.286,2.815e-19,2.973e-19,2.331e-19,0.0,-89.53,0,32.46991246485535
TopS045199,0.1295,25.3505,1.173e-14,7.956e-15,2.777e-15,0.0,-89.46,0,32.493720904029125
TopS045204,0.0936,25.3865,1.309e-20,1.67e-20,2.001e-20,0.0,-89.64,0,32.523276866276355
TopS045220,0.1337,25.4407,3.71e-20,4.562e-20,4.9500000000000006e-20,0.0,-89.16,0,32.47494704257747
TopS045230,0.1612,25.3706,9.07e-20,1.037e-19,1.009e-19,0.001,-89.18,0,32.45916398294877
TopS045231,0.2592,25.3606,8.1e-18,6.384e-18,2.897e-18,0.001,-88.7,0,32.36411718399426
TopS045233,0.224,25.3947,1.156e-20,1.59e-20,2.28e-20,0.0,-88.34,0,32.393277223739446
TopS045236,0.1555,25.3519,2.255e-20,2.884e-20,3.442e-20,0.001,-88.27,0,32.467842092709354
TopS045243,0.2141,25.402,4.8740000000000006e-20,5.537000000000001e-20,5.34e-20,0.001,-89.72,0,32.401859041852354
TopS045247,0.0964,25.4785,1.35e-20,1.7680000000000003e-20,2.25e-20,-0.0,-89.31,0,32.50571018680894
TopS045249,0.2097,25.4107,2.166e-20,2.794e-20,3.353e-20,-0.0,-88.59,0,32.40478904267502
TopS045264,0.1698,25.3794,1.022e-18,2.219e-18,8.253e-18,-0.0,-88.42,0,32.449244786156235
TopS045267,0.1905,25.407,1.097e-19,1.242e-19,1.146e-19,-0.0,-88.87,0,32.42433489609914
TopS045268,0.0995,25.3424,5.679e-20,7.096e-20,8.169000000000001e-20,0.001,-89.2,0,32.524641795461726
TopS045273,0.2008,25.3924,1.172e-20,1.5400000000000003e-20,1.977e-20,-0.0,-88.39,0,32.41654238342406
TopS045274,0.1683,25.4001,1.613e-18,3.124e-18,8.765e-18,-0.0,-89.3,0,32.44736005811976
TopS045275,0.1318,25.3995,5.92e-14,5.24e-14,2.991e-14,-0.001,-89.7,1,32.48347428747281
TopS045279,0.1906,25.3559,1.784e-20,2.377e-20,2.96e-20,-0.0,-89.45,0,32.432560685461894
TopS045280,0.1946,25.2854,7.475e-14,6.873e-14,4.333e-14,-0.001,-89.0,1,32.4402294869967
TopS045282,0.066,25.3391,8.117e-19,1.712e-18,5.984e-18,0.001,-88.52,0,32.558230343772095
TopS045283,0.3025,25.2988,4.686e-18,3.865e-18,1.874e-18,-0.001,-88.75,0,32.33160153834568
TopS045284,0.2686,25.3473,3.621e-14,2.551e-14,9.397e-15,0.001,-89.57,0,32.357027093533986
TopS045285,0.1795,25.4342,9.172e-20,9.618e-20,7.820000000000001e-20,0.001,-88.72,0,32.43079182807584
TopS045286,0.2459,25.2405,2.552e-18,4.002e-18,7.299e-18,0.001,-88.99,0,32.397127295638846
TopS045289,0.0954,25.298,8.114e-20,9.148e-20,8.297000000000001e-20,0.001,-89.42,0,32.53598003138287
TopS045290,0.1878,25.3217,1.664e-18,1.452e-18,7.864e-19,-0.0,-89.26,0,32.44093758992975
TopS045291,0.2524,25.3686,6.305e-19,6.275e-19,4.376e-19,-0.0,-88.97,0,32.36951552491062
TopS045294,0.0981,25.3683,7.873e-20,8.990000000000001e-20,8.485000000000001e-20,-0.0,-88.65,0,32.52179528415136
TopS045305,0.2339,25.2664,3.846e-19,3.745e-19,2.468e-19,0.0,-88.37,0,32.404633637351644
TopS045312,0.1718,25.4058,1.839e-19,1.935e-19,1.545e-19,0.001,-89.46,0,32.44298207797296
TopS045313,0.1255,25.5622,4.948e-19,4.997e-19,3.59e-19,-0.0,-89.75,0,32.46372369408454
TopS045318,0.19,25.3643,2.761e-18,4.588e-18,9.205e-18,0.001,-89.47,0,32.43177883103533
TopS045320,0.0908,25.4464,5.4200000000000006e-20,6.379000000000001e-20,6.276e-20,-0.0,-89.8,0,32.51637403630084
TopS045326,0.1681,25.5136,2.593e-19,2.563e-19,1.783e-19,0.0,-88.46,0,32.42933719259159
TopS045327,0.1112,25.4902,1.955e-19,2.053e-19,1.614e-19,0.0,-88.41,0,32.48923450610697
TopS045331,0.1564,25.504,1.819e-20,2.5240000000000003e-20,3.5440000000000004e-20,0.0,-88.46,0,32.44241430163704
TopS045332,0.2968,25.2827,1.144e-20,1.487e-20,1.8300000000000003e-20,0.0,-88.83,0,32.339897736393596
TopS045333,0.1963,25.4515,6.308e-20,7.100000000000001e-20,6.447000000000001e-20,0.0,-89.17,0,32.41142499262674
TopS045335,0.1191,25.2944,1.361e-19,1.394e-19,1.081e-19,0.0,-89.21,0,32.513199212233665
TopS045336,0.1904,25.3267,1.033e-20,1.452e-20,2.0750000000000003e-20,0.001,-88.56,0,32.43754998084844
TopS045337,0.2558,25.4471,1.162e-19,1.378e-19,1.454e-19,-0.0,-89.86,0,32.3534101915502
TopS045342,0.3135,25.4506,3.1790000000000003e-20,3.788e-20,3.982e-20,0.0,-89.65,0,32.295901454877075
TopS045346,0.1778,25.4687,1.404e-20,2.019e-20,3.0940000000000005e-20,-0.0,-89.48,0,32.426924034999395
TopS045351,0.157,25.3208,7.127e-20,7.954000000000001e-20,7.131e-20,0.0,-89.21,0,32.47146554259877
TopS045356,0.1757,25.3749,4.518e-20,5.535000000000001e-20,6.252e-20,-0.001,-87.74,0,32.444156896954446
TopS045359,0.2456,25.255,4.593e-20,5.293e-20,4.969e-20,-0.001,-88.25,0,32.39499874456187
TopS045360,0.1908,25.2567,2.034e-19,2.104e-19,1.611e-19,-0.001,-88.18,0,32.448747343950195
TopS045361,0.0854,25.2682,3.698e-19,3.79e-19,2.823e-19,-0.0,-89.7,0,32.550769865550926
TopS045365,0.0824,25.3923,6.586e-20,7.156000000000001e-20,6.232000000000001e-20,-0.0,-88.72,0,32.53338809636343
TopS045366,0.3056,25.3554,2.226e-20,2.824e-20,3.375e-20,0.0,-88.53,0,32.31919909554592
TopS045367,0.1279,25.344,1.186e-20,1.5440000000000002e-20,1.932e-20,-0.0,-89.8,0,32.496362895049025
TopS045371,0.2155,25.2399,8.942e-20,1.056e-19,1.076e-19,-0.0,-89.79,0,32.42719901415274
TopS045374,0.1239,25.4834,1.104e-19,1.191e-19,9.819e-20,-0.0,-88.71,0,32.477780682143475
TopS045375,0.1553,25.4055,8.544e-19,1.331e-18,2.408e-18,0.0,-88.67,0,32.459312615927274
TopS045376,0.2419,25.4901,7.711e-20,8.79e-20,8.083e-20,-0.0,-88.9,0,32.36022521020342
TopS045380,0.0563,25.3598,7.456e-14,5.499e-14,2.133e-14,-0.0,-89.46,0,32.56442153958059
TopS045388,0.1297,25.3993,6.048e-19,5.958e-19,4.209e-19,-0.0,-89.64,0,32.4855789377295
TopS045390,0.1292,25.2646,7.503e-20,8.975000000000002e-20,9.338000000000001e-20,0.0,-89.68,0,32.5081744563103
TopS045393,0.0835,25.3933,3.203e-18,2.856e-18,1.552e-18,-0.0,-89.77,0,32.53214059873506
TopS045398,0.2357,25.356,1.865e-19,1.946e-19,1.554e-19,-0.0,-88.39,0,32.38805332115369
TopS045401,0.1753,25.2782,4.836e-14,5.173e-14,4.271e-14,0.001,-88.87,1,32.460456384695284
TopS045402,0.2318,25.2609,1.084e-18,1.606e-18,2.641e-18,0.001,-89.39,0,32.40762085892802
TopS045406,0.2609,25.2997,7.133e-19,6.445e-19,3.82e-19,0.0,-89.03,0,32.372476306638866
TopS045411,0.213,25.3077,3.397e-20,4.0460000000000006e-20,4.179e-20,0.0,-88.6,0,32.41839221602472
TopS045414,0.0515,25.4459,5.866e-20,6.624e-20,5.953e-20,0.0,-88.2,0,32.55524550698377
TopS045417,0.0995,25.3112,3.899e-18,3.206e-18,1.588e-18,0.0,-88.58,0,32.52976142538458
TopS045422,0.2436,25.2996,1.5750000000000002e-20,1.983e-20,2.2200000000000003e-20,0.0,-89.65,0,32.389553809309696
TopS045423,0.194,25.2301,1.57e-20,1.9710000000000003e-20,2.338e-20,-0.0,-88.27,0,32.45003595677938
TopS045426,0.1863,25.3816,6.836e-19,1.306e-18,3.58e-18,-0.0,-89.18,0,32.43260678872221
TopS045427,0.2812,25.3757,4.8940000000000007e-20,5.718e-20,5.605000000000001e-20,0.0,-88.63,0,32.33994207858154
TopS045430,0.1668,25.4977,6.236e-20,7.242000000000001e-20,7.234e-20,0.0,-89.84,0,32.43314971926557
TopS045434,0.2236,25.2115,9.107e-19,8.308e-19,4.988e-19,-0.0,-89.57,0,32.4239770863963
TopS045437,0.2236,25.3283,1.154e-13,9.753e-14,4.956e-14,-0.001,-89.64,1,32.40453948081447
TopS045440,0.1595,25.4755,3.34e-18,2.797e-18,1.404e-18,0.001,-89.67,0,32.44389953977513
TopS045448,0.1646,25.3156,8.801e-19,8.11e-19,4.976e-19,0.0,-89.58,0,32.46482547315483
TopS045454,0.2516,25.3791,1.021e-20,1.4e-20,1.92e-20,0.0,-89.68,0,32.368588659512305
TopS045456,0.1549,25.4552,2.7490000000000005e-20,3.333e-20,3.5590000000000003e-20,-0.0,-89.67,0,32.451692625170544
TopS045460,0.1613,25.2605,2.8130000000000003e-20,3.597e-20,4.2470000000000005e-20,-0.0,-88.67,0,32.477202724297555
TopS045463,0.2551,25.2502,1.726e-18,1.455e-18,7.387e-19,0.0,-89.52,0,32.38643422143436
TopS045466,0.142,25.2468,8.976e-19,8.019e-19,4.561e-19,0.001,-88.47,0,32.49851480247358
TopS045467,0.1563,25.379,6.147e-20,7.018000000000001e-20,6.687e-20,0.001,-89.52,0,32.462629737145164
TopS045468,0.2955,25.2073,3.142e-19,3.138e-19,2.332e-19,0.0,-88.6,0,32.353811456529215
TopS045470,0.3097,25.196,4.843e-19,4.704e-19,3.134e-19,-0.001,-89.84,0,32.341723620913434
TopS045479,0.1428,25.3545,2.544e-18,2.21e-18,1.187e-18,-0.001,-88.45,0,32.479945871383435
TopS045484,0.1981,25.1748,2.695e-19,2.778e-19,2.073e-19,-0.0,-88.95,0,32.455301392122976
TopS045485,0.1821,25.3518,1.206e-18,2.37e-18,6.941e-18,-0.0,-88.45,0,32.44161722586258
TopS045490,0.2555,25.3959,3.79e-19,3.708e-19,2.56e-19,-0.0,-89.49,0,32.36200183481786
TopS045491,0.2066,25.4813,5.238e-20,6.176000000000001e-20,6.232000000000001e-20,-0.0,-88.65,0,32.39647824818549
TopS045493,0.1714,25.4708,4.024e-20,4.9780000000000006e-20,5.425000000000001e-20,0.001,-88.79,0,32.4329050347618
TopS045494,0.0528,25.5446,2.121e-19,2.224e-19,1.786e-19,0.0,-88.72,0,32.53828682576894
TopS045500,0.0848,25.3842,5.2350000000000005e-20,5.787e-20,5.2320000000000013e-20,-0.0,-89.36,0,32.532333470606716
TopS045503,0.2488,25.3539,5.252e-20,6.211000000000001e-20,6.443000000000001e-20,0.001,-89.29,0,32.375474912681035
TopS045505,0.1975,25.3934,1.328e-20,1.7580000000000002e-20,2.281e-20,0.0,-89.87,0,32.41963586105792
TopS045507,0.2498,25.2857,1.386e-18,1.228e-18,6.908e-19,-0.001,-88.95,0,32.38574502048995
TopS045518,0.2845,25.379,1.586e-18,1.463e-18,8.802e-19,-0.0,-89.55,0,32.33614697039494
TopS045519,0.1298,25.3831,5.072e-19,4.843e-19,3.197e-19,0.001,-89.67,0,32.48810972152376
TopS045526,0.089,25.441,3.0340000000000003e-20,3.682e-20,3.924e-20,-0.0,-88.25,0,32.51901762402103
TopS045528,0.2337,25.4889,2.825e-18,3.924e-18,5.643e-18,-0.0,-88.35,0,32.36851158398185
TopS045530,0.1655,25.3884,1.34e-20,1.764e-20,2.253e-20,-0.0,-89.68,0,32.45202301363152
TopS045531,0.3268,25.3841,1.2340000000000002e-20,1.594e-20,1.946e-20,0.0,-88.5,0,32.29358228897859
TopS045534,0.2047,25.4522,2.966e-20,3.5300000000000004e-20,3.739e-20,0.0,-88.28,0,32.403021768143084
TopS045537,0.1467,25.544,3.128e-18,2.587e-18,1.343e-18,0.0,-89.31,0,32.44565445879694
TopS045541,0.1909,25.5329,8.096e-18,6.725e-18,3.297e-18,0.001,-89.64,0,32.40376494116096
TopS045546,0.3194,25.2462,1.083e-20,1.4710000000000003e-20,1.96e-20,-0.0,-88.43,0,32.32371105149029
TopS045551,0.233,25.2658,1.394e-20,1.941e-20,2.767e-20,0.0,-88.26,0,32.40562101140207
TopS045554,0.1772,25.4065,1.701e-20,2.2400000000000003e-20,2.821e-20,-0.0,-88.74,0,32.437540023647905
TopS045558,0.1725,25.4077,6.062e-19,1.282e-18,4.289e-18,0.0,-89.39,0,32.44198342654896
TopS045563,0.2641,25.3997,1.917e-18,2.729e-18,4.02e-18,-0.0,-89.8,0,32.35289802831209
TopS045570,0.2375,25.2731,1.246e-19,1.301e-19,1.042e-19,0.0,-88.4,0,32.3999684362293
TopS045572,0.1279,25.2494,3.606e-20,4.473e-20,5.099e-20,-0.0,-88.76,0,32.51198447584341
TopS045573,0.2239,25.3912,8.098e-19,7.679e-19,4.79e-19,0.0,-90.04,0,32.39394542956462
TopS045576,0.135,25.3065,6.603e-19,9.721e-19,1.591e-18,0.0,-88.86,0,32.49552048728093
TopS045578,0.2036,25.3076,7.873e-19,1.571e-18,4.704e-18,0.0,-88.19,0,32.42767956829914
TopS045579,0.2344,25.4915,1.056e-20,1.4090000000000003e-20,1.817e-20,-0.0,-88.65,0,32.36740497558084
TopS045580,0.2001,25.4525,4.499e-19,4.433e-19,2.949e-19,0.0,-89.55,0,32.40751363295145
TopS045584,0.1143,25.462,1.059e-18,1.633e-18,2.764e-18,-0.001,-89.33,0,32.49067736080533
TopS045585,0.303,25.4922,1.82e-20,2.342e-20,2.8130000000000003e-20,-0.0,-89.39,0,32.299576427986494
TopS045587,0.1818,25.3135,3.002e-20,3.82e-20,4.601e-20,0.0,-89.46,0,32.4482068555436
TopS045596,0.154,25.2244,1.42e-19,1.566e-19,1.409e-19,0.001,-88.64,0,32.49042565057999
TopS045597,0.1263,25.3414,1.673e-20,2.284e-20,2.9780000000000004e-20,-0.0,-88.54,0,32.498367052912535
TopS045598,0.1938,25.4178,1.675e-18,1.461e-18,8.255e-19,0.0,-88.64,0,32.41932905287909
TopS045600,0.2,25.3252,1.8370000000000003e-20,2.2850000000000003e-20,2.5720000000000003e-20,-0.001,-89.38,0,32.428327801848546
TopS045604,0.1289,25.163,2.105e-20,2.6e-20,2.829e-20,-0.0,-89.19,0,32.525500213245245
TopS045605,0.1748,25.3991,3.452e-20,4.168e-20,4.352e-20,0.001,-89.05,0,32.44110846925551
TopS045608,0.1545,25.2421,4.088e-14,2.816e-14,9.461e-15,-0.0,-89.34,0,32.48697387220685
TopS045610,0.1869,25.3285,3.305e-19,3.212e-19,2.212e-19,-0.0,-89.95,0,32.440706173095506
TopS045614,0.0919,25.6029,6.808e-14,5.834e-14,3.147e-14,-0.0,-88.49,1,32.49054154627986
TopS045616,0.2744,25.2381,2.762e-20,3.797e-20,5.154e-20,-0.0,-88.53,0,32.36943210089408
TopS045617,0.0197,25.2919,5.425e-19,4.894e-19,2.887e-19,0.001,-88.6,0,32.611650044749815
TopS045624,0.1404,25.3639,3.675e-18,5.501e-18,8.9e-18,0.0,-88.83,0,32.48077834280277
TopS045631,0.143,25.4364,5.783e-14,5.074e-14,2.736e-14,0.0,-89.62,1,32.466460286516806
TopS045636,0.1966,25.3104,1.687e-18,1.427e-18,7.44e-19,0.0,-88.1,0,32.43412111959605
TopS045641,0.0996,25.334,6.319e-19,8.97e-19,1.37e-18,0.001,-89.85,0,32.52591864442989
TopS045642,0.173,25.2635,1.663e-18,1.61e-18,1.074e-18,-0.001,-89.31,0,32.46516667317318
TopS045647,0.2371,25.2456,1.748e-19,1.742e-19,1.227e-19,0.0,-88.95,0,32.404949943548395
TopS045650,0.0862,25.4882,2.483e-20,3.23e-20,3.786e-20,0.0,-89.52,0,32.51423401893827
TopS045652,0.1292,25.3118,3.586e-19,3.714e-19,2.994e-19,0.0,-88.33,0,32.50036785959195
TopS045659,0.1588,25.3718,1.323e-18,2.42e-18,6.216e-18,0.0,-89.63,0,32.461336187604424
TopS045661,0.1162,25.5583,7.549000000000001e-20,8.792e-20,8.588000000000001e-20,0.001,-89.18,0,32.47352113729791
TopS045662,0.2124,25.3098,1.131e-19,1.215e-19,1.02e-19,-0.0,-88.25,0,32.41863705732041
TopS045664,0.2819,25.4153,1.035e-20,1.397e-20,1.822e-20,-0.001,-89.82,0,32.33279922548756
TopS045672,0.2362,25.3964,4.447e-19,8.453e-19,2.298e-18,-0.0,-88.78,0,32.3809631846458
TopS045674,0.2352,25.2753,1.5480000000000002e-20,1.9780000000000003e-20,2.357e-20,0.0,-89.44,0,32.40187041034263
TopS045679,0.3052,25.2986,1.941e-18,1.728e-18,9.666e-19,-0.0,-89.65,0,32.32897217216941
TopS045681,0.2614,25.4751,8.732e-19,1.434e-18,2.936e-18,-0.0,-88.66,0,32.34337941752709
TopS045684,0.1415,25.267,1.917e-14,1.312e-14,4.319e-15,0.0,-88.49,0,32.49564667824508
TopS045688,0.0917,25.4277,1.864e-20,2.3990000000000003e-20,2.9970000000000005e-20,0.0,-89.87,0,32.518491756441755
TopS045689,0.2781,25.2752,2.622e-20,3.2750000000000004e-20,3.737e-20,0.0,-89.62,0,32.359585331257115
TopS045690,0.0725,25.4436,7.540000000000001e-20,8.608000000000001e-20,8.042000000000001e-20,-0.0,-89.19,0,32.53488619839139
TopS045696,0.122,25.3514,2.798e-19,2.938e-19,2.263e-19,-0.0,-88.48,0,32.50097283264729
TopS045698,0.2044,25.3789,3.384e-18,2.782e-18,1.407e-18,-0.0,-88.28,0,32.41518875794579
TopS045705,0.2146,25.2818,5.1220000000000007e-20,6.318e-20,7.136e-20,0.0,-89.41,0,32.4211039536111
TopS045708,0.1202,25.4345,1.205e-20,1.5020000000000003e-20,1.728e-20,0.001,-89.59,0,32.489268756762904
TopS045717,0.1721,25.2162,9.389e-18,1.537e-17,2.959e-17,-0.0,-89.33,0,32.47395595784869
TopS045724,0.1317,25.4415,3.513e-19,3.398e-19,2.321e-19,-0.001,-89.05,0,32.47679234222528
TopS045725,0.0617,25.2883,4.224e-19,4.293e-19,3.049e-19,0.0,-88.56,0,32.570818593383216
TopS045729,0.2668,25.415,4.863e-18,9.578e-18,2.798e-17,0.0,-88.36,0,32.34774769566668
TopS045732,0.1178,25.2989,7.684e-19,1.11e-18,1.736e-18,0.001,-89.93,0,32.51373848194149
TopS045736,0.0964,25.5456,3.236e-20,4.139e-20,4.918e-20,0.0,-88.6,0,32.495073083365625
TopS045742,0.2282,25.4822,1.2150000000000002e-20,1.695e-20,2.4400000000000004e-20,0.0,-88.58,0,32.37501258030171
TopS045744,0.0669,25.3345,6.624e-19,6.338e-19,4.246e-19,-0.0,-88.67,0,32.55809516038531
TopS045747,0.1794,25.2507,6.311e-20,7.409000000000001e-20,7.254000000000001e-20,0.0,-89.13,0,32.46098806703097
TopS045750,0.159,25.5394,6.783e-18,1.417e-17,4.626e-17,0.0,-88.34,0,32.434235150443
TopS045751,0.1425,25.4155,8.099e-14,5.734e-14,2.085e-14,0.0,-89.74,0,32.47032562065157
TopS045752,0.1578,25.3055,2.391e-18,3.638e-18,6.162e-18,-0.0,-89.0,0,32.47319774093752
TopS045768,0.1868,25.4066,8.098e-19,7.183e-19,4.128e-19,-0.0,-89.71,0,32.42805079392664
TopS045769,0.1024,25.374,1.01e-20,1.395e-20,1.935e-20,0.0,-88.49,0,32.51662485367537
TopS045770,0.2481,25.3447,2.521e-19,2.596e-19,1.988e-19,0.0,-88.91,0,32.3776756806415
TopS045771,0.3377,25.4761,1.7300000000000003e-20,2.294e-20,2.8670000000000004e-20,0.0,-88.45,0,32.26790933998327
TopS045775,0.108,25.4509,7.733e-19,1.401e-18,3.396e-18,0.0,-89.76,0,32.498674869235984
TopS045776,0.273,25.3363,7.622e-18,5.97e-18,2.642e-18,-0.001,-88.44,0,32.354496494023536
TopS045779,0.0509,25.2074,1.595e-19,1.679e-19,1.38e-19,0.0,-88.74,0,32.594916602322634
TopS045782,0.2368,25.3756,3.659e-20,4.188e-20,4.188e-20,0.0,-89.52,0,32.38376153565676
TopS045784,0.205,25.4597,3.5920000000000004e-20,4.223e-20,4.407e-20,0.001,-88.89,0,32.40152013742935
TopS045786,0.3135,25.2453,1.252e-20,1.636e-20,1.983e-20,-0.001,-88.49,0,32.32967843484834
TopS045787,0.2741,25.2445,3.582e-18,7.26e-18,2.181e-17,-0.001,-89.65,0,32.36865564398506
TopS045789,0.2818,25.3065,4.277e-15,2.835e-15,8.956e-16,0.0,-88.39,0,32.35073858661181
TopS045791,0.0736,25.3467,7.324e-19,1.149e-18,2.116e-18,0.0,-89.73,0,32.54949025692006
TopS045792,0.2446,25.5495,2.503e-14,1.674e-14,5.645e-15,-0.0,-89.74,0,32.348114779915775
TopS045797,0.1164,25.4641,6.891e-20,7.424e-20,6.388e-20,0.001,-89.12,0,32.48826826096159
TopS045804,0.2738,25.4765,8.414e-19,1.731e-18,5.578e-18,0.0,-88.26,0,32.330915440709155
TopS045808,0.3334,25.3965,9.013e-20,1.014e-19,9.257e-20,-0.0,-89.5,0,32.28504559100255
TopS045817,0.2134,25.3416,1.343e-20,1.822e-20,2.446e-20,0.0,-89.29,0,32.41241357152046
TopS045818,0.1317,25.5173,9.477e-20,9.867e-20,7.941e-20,-0.0,-88.62,0,32.46468887016605
TopS045823,0.1278,25.3736,1.328e-19,1.495e-19,1.393e-19,0.0,-88.82,0,32.49162865483589
TopS045824,0.0828,25.3708,1.579e-18,1.378e-18,7.546e-19,0.0,-89.39,0,32.536484335395116
TopS045825,0.1428,25.4112,1.014e-19,1.086e-19,9.096e-20,0.001,-88.61,0,32.47072492921745
TopS045833,0.124,25.3907,3.95e-14,2.735e-14,9.565e-15,-0.0,-88.48,0,32.49259825537161
TopS045835,0.3213,25.2865,4.465e-20,5.2210000000000005e-20,5.1720000000000005e-20,-0.0,-89.37,0,32.31510699044645
TopS045838,0.2011,25.404,3.078e-20,3.776e-20,4.0330000000000005e-20,0.001,-89.39,0,32.41436190522032
TopS045843,0.1131,25.3694,1.042e-20,1.418e-20,1.872e-20,0.0,-88.31,0,32.50681640378278
TopS045844,0.1094,25.387,2.7e-19,2.825e-19,2.135e-19,-0.0,-89.4,0,32.50760521445864
TopS045850,0.156,25.5832,6.844e-19,1.211e-18,2.796e-18,0.0,-89.57,0,32.43030626679965
TopS045858,0.1788,25.3395,3.63e-20,4.423e-20,4.8620000000000005e-20,-0.0,-88.61,0,32.44688891325373
TopS045861,0.2657,25.3075,5.512000000000001e-20,6.572e-20,6.951e-20,0.001,-88.7,0,32.36645085094378
TopS045862,0.1042,25.5103,3.9780000000000005e-20,4.7720000000000005e-20,4.891e-20,-0.0,-89.68,0,32.49295094240951
TopS045863,0.1613,25.503,3.252e-20,3.976e-20,4.4180000000000007e-20,0.0,-88.73,0,32.43773578768714
TopS045866,0.0747,25.3864,8.144e-20,9.118000000000001e-20,8.087000000000001e-20,-0.0,-88.55,0,32.54194272078329
TopS045869,0.1274,25.3661,6.494e-19,5.957e-19,3.778e-19,-0.0,-89.08,0,32.49324536921893
TopS045871,0.2278,25.2358,4.397e-14,3.106e-14,1.081e-14,0.001,-89.49,0,32.41575872899914
TopS045875,0.2139,25.338,1.085e-20,1.4550000000000002e-20,1.898e-20,-0.0,-88.5,0,32.41251173764741
TopS045876,0.2237,25.3579,6.032e-19,1.283e-18,4.298e-18,-0.0,-89.88,0,32.39957988525002
TopS045881,0.3287,25.3282,2.2200000000000003e-20,2.8610000000000004e-20,3.4000000000000003e-20,0.001,-88.63,0,32.300895308426625
TopS045883,0.2061,25.4147,4.146e-19,4.122e-19,2.887e-19,0.0,-88.35,0,32.40769324850706
TopS045886,0.2691,25.2511,1.335e-19,1.43e-19,1.188e-19,0.0,-89.76,0,32.37248080652505
TopS045893,0.151,25.3708,2.9770000000000005e-20,3.637e-20,3.889e-20,-0.0,-89.81,0,32.46919486139765
TopS045898,0.2256,25.4758,5.995e-19,5.642e-19,3.685e-19,-0.0,-89.67,0,32.37860399338119
TopS045899,0.1751,25.3702,7.014e-19,6.559e-19,4.178e-19,0.0,-89.18,0,32.44551541971637
TopS045901,0.2737,25.5211,2.595e-20,3.313e-20,3.9710000000000005e-20,0.0,-89.68,0,32.32388777592029
TopS045903,0.1728,25.3048,2.81e-14,1.926e-14,6.337e-15,-0.0,-89.3,0,32.4585190544477
TopS045905,0.3264,25.2828,1.114e-20,1.446e-20,1.798e-20,0.001,-88.31,0,32.310694153300425
TopS045909,0.2188,25.4405,2.082e-19,2.147e-19,1.695e-19,-0.0,-88.56,0,32.39099025119111
