,level_0,Name,Period,index,Name,X,Y,BlueF,GreenF,RedF,Parallax,RadialVelocity,Variable?,TotalF,AbsMag,Distance
0,781,b'BackS107510',17.7782123997653,13208,b'BackS107510',-24.0182,-0.6466,8.367e-12,6.57e-12,2.948e-12,0.037,-1.06,1,1.7884999999999998e-11,-8.31399361342001,0.027178188628568918
1,782,b'BackS107550',20.413204581181226,13214,b'BackS107550',-2.5782,0.7925,3.041e-12,2.252e-12,9.279e-13,0.019,-0.12,1,6.2209e-12,-8.063902428978077,0.061910540051501754
2,1086,b'BottomS094118',19.671066868643152,5337,b'BottomS094118',36.6464,-24.833,8.636e-16,6.711e-16,2.818e-16,0.0,0.56,1,1.8165e-15,-8.134339867410224,3.3070171480284873
3,1091,b'BottomS094392',22.40571851121518,5498,b'BottomS094392',36.4969,-24.7834,2.916e-15,2.232e-15,9.203e-16,0.001,0.5,1,6.0683e-15,-7.874789849330318,2.444882433833978
4,1094,b'BottomS094623',22.628827483196414,5654,b'BottomS094623',36.1929,-24.0385,2.477e-15,1.863e-15,7.709e-16,0.001,-0.77,1,5.1109e-15,-7.853614231635534,2.7421200023578822
5,1095,b'BottomS094624',20.44994375703037,5655,b'BottomS094624',36.2281,-24.0895,9.496e-16,7.506e-16,3.348e-16,-0.0,-0.7,1,2.035e-15,-8.060415456960348,3.404771660676566
6,1097,b'BottomS094632',22.10065645514223,5663,b'BottomS094632',36.686,-24.549,2.747e-15,2.093e-15,8.523e-16,0.001,-0.08,1,5.6923e-15,-7.903743761022982,2.4419878866469316
7,1098,b'BottomS094633',21.803789877668503,5664,b'BottomS094633',36.3918,-24.5139,2.828e-15,2.151e-15,8.962e-16,-0.001,-0.17,1,5.8752e-15,-7.931919827162856,2.331953473374016
8,1099,b'BottomS094635',21.453858862402644,5666,b'BottomS094635',36.5871,-24.3492,3.458e-15,2.583e-15,1.067e-15,0.001,-0.29,1,7.108e-15,-7.965132321187707,2.048196578507729
9,1100,b'BottomS094636',19.50225273546449,5667,b'BottomS094636',36.4953,-24.7057,9.326e-16,7.388e-16,3.325e-16,0.001,0.03,1,2.0039e-15,-8.15036227795662,3.0942501284168986
10,1101,b'BottomS094639',21.413427561837455,5670,b'BottomS094639',36.4606,-24.1133,2.745e-15,2.081e-15,8.587e-16,0.0,-0.54,1,5.6847e-15,-7.9689697184741926,2.271847108107151
11,1104,b'BottomS094653',18.060798728392605,5684,b'BottomS094653',36.994,-25.6407,1.22e-15,9.652e-16,4.255e-16,-0.0,0.83,1,2.6107e-15,-8.287172907790621,2.312623260489928
12,1105,b'BottomS094659',19.79098628347485,5690,b'BottomS094659',35.9378,-23.2764,6.607e-16,5.182e-16,2.25e-16,0.0,-1.3,1,1.4038999999999998e-15,-8.122958130225438,3.813047633013809
13,1107,b'BottomS094669',19.303461456784877,5700,b'BottomS094669',35.8815,-23.362,1.092e-15,8.365e-16,3.603e-16,0.001,-1.17,1,2.2888e-15,-8.1692298657591,2.8454574419402996
14,1108,b'BottomS094679',19.468837010066395,5710,b'BottomS094679',36.0028,-23.7799,7.663e-16,6.052e-16,2.793e-16,0.001,-0.73,1,1.6508e-15,-8.153533816150448,3.406305786085648
15,1109,b'BottomS094687',21.824729891956782,5718,b'BottomS094687',36.2882,-24.3459,1.32e-15,1.007e-15,4.168e-16,0.0,-0.32,1,2.7438e-15,-7.929932378011195,3.4160095465342213
16,1110,b'BottomS094689',21.72043010752688,5720,b'BottomS094689',36.6812,-24.4099,1.439e-15,1.133e-15,5.151e-16,0.001,-0.21,1,3.0871e-15,-7.939831631909966,3.1839719210929425
17,1111,b'BottomS094698',19.205577857595603,5729,b'BottomS094698',36.2754,-23.6501,1.063e-15,8.306e-16,3.616e-16,-0.0,-0.73,1,2.2552e-15,-8.178520149590428,2.825165940199104
18,1112,b'BottomS094703',21.313012895662368,5734,b'BottomS094703',36.0607,-23.3386,1.487e-15,1.134e-15,4.804e-16,0.001,-1.01,1,3.1014e-15,-7.978500229788869,3.043990956412034
19,1113,b'BottomS094706',21.69968966340415,5737,b'BottomS094706',35.9484,-23.1249,1.599e-15,1.254e-15,5.408e-16,-0.001,-1.11,1,3.3938e-15,-7.941800139548466,3.0196121347500178
20,1114,b'BottomS094722',18.855009334163036,5753,b'BottomS094722',35.6475,-22.8734,1.132e-15,8.732e-16,3.646e-16,0.001,-1.21,1,2.3698e-15,-8.211793150501649,2.6518353842112745
21,1115,b'BottomS094725',18.38220424671385,5756,b'BottomS094725',37.4595,-26.2054,7.154e-16,5.405e-16,2.222e-16,0.001,0.87,1,1.4781e-15,-8.256667812811576,3.2008715357087443
22,1116,b'BottomS094728',19.12476330738481,5759,b'BottomS094728',37.383,-25.9419,1.248e-15,9.544e-16,4.082e-16,0.001,0.78,1,2.6106000000000003e-15,-8.186190383576283,2.6123995054964353
23,1118,b'BottomS094738',21.017341040462426,5769,b'BottomS094738',37.0002,-25.0775,1.58e-15,1.203e-15,5.151e-16,0.001,0.21,1,3.2981e-15,-8.006562902989426,2.861447188181572
24,1119,b'BottomS094743',22.472187886279354,5774,b'BottomS094743',36.2478,-24.3662,3.644e-15,2.759e-15,1.139e-15,0.001,-0.26,1,7.542e-15,-7.868481138110544,2.215050238540505
25,1121,b'BottomS094772',21.273110227006786,5801,b'BottomS094772',36.3313,-24.3312,2.317e-15,1.848e-15,8.326e-16,0.001,-0.42,1,4.9976000000000006e-15,-7.982287453802986,2.374134339239993
26,1122,b'BottomS094791',21.86673081549194,5819,b'BottomS094791',36.331,-23.8524,3.123e-15,2.35e-15,9.58e-16,-0.0,-0.76,1,6.4310000000000006e-15,-7.925946005380322,2.2464309098086437
27,1124,b'BottomS094796',20.159680638722556,5823,b'BottomS094796',36.8464,-25.2925,1.669e-15,1.261e-15,5.277e-16,-0.0,0.58,1,3.4576999999999998e-15,-8.087964778574806,2.5448375682064164
28,1127,b'BottomS094831',22.361623616236162,5853,b'BottomS094831',35.9501,-23.6213,2.001e-15,1.513e-15,6.429e-16,0.0,-0.98,1,4.1569e-15,-7.878974964030437,2.955242024668293
29,1128,b'BottomS094845',21.17400419287212,5863,b'BottomS094845',36.1281,-24.0155,1.354e-15,1.016e-15,4.19e-16,0.001,-0.55,1,2.7889999999999998e-15,-7.991693760826168,3.167424455886418
30,1129,b'BottomS094864',20.0,5879,b'BottomS094864',36.7238,-25.3049,1.17e-15,8.928e-16,3.785e-16,0.001,0.35,1,2.4413000000000004e-15,-8.103120315032266,2.9720954420519803
31,1130,b'BottomS094913',19.72228249077891,5922,b'BottomS094913',37.2545,-25.5932,1.011e-15,7.564e-16,3.134e-16,0.0,0.52,1,2.0808000000000002e-15,-8.129478913479431,3.132454584687808
32,1131,b'BottomS094920',20.159680638722556,5929,b'BottomS094920',36.0422,-23.9814,1.681e-15,1.282e-15,5.52e-16,0.0,-0.49,1,3.5149999999999997e-15,-8.087964778574806,2.5239084527511286
33,1132,b'BottomS094927',20.37659717552118,5935,b'BottomS094927',36.7351,-24.545,1.408e-15,1.091e-15,4.733e-16,0.001,-0.11,1,2.9722999999999998e-15,-8.067376894483303,2.8015551582220377
34,1137,b'BottomS096583',18.996865203761754,6235,b'BottomS096583',34.923,-4.6257,5.211e-14,4.077e-14,1.764e-14,0.003,-2.56,1,1.1052e-13,-8.198329390457806,0.394153102198277
35,1138,b'BottomS096594',18.96515752138535,6246,b'BottomS096594',32.577,-5.1292,4.399e-14,3.344e-14,1.433e-14,0.002,-0.31,1,9.176e-14,-8.201338815645991,0.43370802471943876
36,1139,b'BottomS096602',19.22182279551702,6254,b'BottomS096602',33.0316,-4.4394,3.778e-14,2.953e-14,1.308e-14,0.002,-0.49,1,8.039e-14,-8.176978317400334,0.4746561560410274
37,1141,b'BottomS096695',20.303774849229395,6343,b'BottomS096695',31.6971,-3.6764,7.023e-14,5.379e-14,2.269e-14,0.002,-0.15,1,1.4671e-13,-8.074288574132517,0.3958265679690143
38,1144,b'BottomS096765',18.36734693877551,6409,b'BottomS096765',39.6665,-4.8338,5.461e-14,4.341e-14,1.933e-14,0.003,-2.55,1,1.1735e-13,-8.258077942893223,0.35658751683859174
39,1147,b'BottomS096836',19.73941368078176,6478,b'BottomS096836',42.2812,-6.1729,8.544e-14,6.409e-14,2.654e-14,0.002,-2.64,1,1.7607e-13,-8.127852965733199,0.3409403332697432
40,1148,b'BottomS096852',21.76203016519033,6494,b'BottomS096852',27.8612,-1.5435,1.016e-13,7.789e-14,3.391e-14,0.002,-0.1,1,2.134e-13,-7.935883306079142,0.38576026825662685
41,1150,b'BottomS096869',19.25439525524253,6511,b'BottomS096869',28.535,-0.6802,5.92e-14,4.53e-14,1.979e-14,0.003,-0.18,1,1.2429000000000002e-13,-8.173886814856079,0.38459841629817887
42,1151,b'BottomS096877',19.91237677984666,6519,b'BottomS096877',39.2118,-7.9524,4.387e-14,3.378e-14,1.421e-14,0.002,-2.26,1,9.186e-14,-8.111436770415821,0.47857696607694117
43,1152,b'BottomS096886',20.72976054732041,6528,b'BottomS096886',36.6144,-7.7242,4.895e-14,3.8e-14,1.599e-14,0.003,-1.94,1,1.0294e-13,-8.033857612499203,0.4933775629518537
44,1153,b'BottomS096894',17.918391484328797,6536,b'BottomS096894',34.5964,-0.3089,4.235e-14,3.391e-14,1.511e-14,0.003,-1.04,1,9.136999999999999e-14,-8.300688999637956,0.3841418338260671
45,1155,b'BottomS096924',20.2494987747828,6566,b'BottomS096924',41.3369,-7.4488,8.411e-14,6.321e-14,2.695e-14,0.002,-2.58,1,1.7427e-13,-8.079440000326848,0.3629836844975649
46,1156,b'BottomS096934',20.805676356145568,6575,b'BottomS096934',27.6898,-0.062,1.242e-13,9.544e-14,3.963e-14,0.002,-0.06,1,2.5926999999999996e-13,-8.02665232563693,0.31391250881385824
47,1157,b'BottomS096945',20.413204581181226,6586,b'BottomS096945',38.5241,-7.8321,3.899e-14,2.979e-14,1.25e-14,0.002,-2.17,1,8.128e-14,-8.063902428978077,0.5382865568596779
48,1158,b'BottomS096959',18.638507279065,6600,b'BottomS096959',34.9905,-7.3846,2.458e-14,1.854e-14,7.623e-15,0.002,-1.76,1,5.0742999999999996e-14,-8.23234169549372,0.5620491396370567
49,1159,b'BottomS096972',19.535783365570598,6613,b'BottomS096972',38.8503,-0.8737,7.465e-14,5.798e-14,2.58e-14,0.002,-1.54,1,1.5843e-13,-8.147179833979191,0.3505669558911645
50,1160,b'FrontS092290',20.35834266517357,8,b'FrontS092290',41.5175,-3.8727,2.62e-15,2.026e-15,8.647e-16,-0.0,-3.54,1,5.5107e-15,-8.069109458301305,2.0517552357061426
51,1161,b'FrontS092352',18.699855996708497,54,b'FrontS092352',41.9108,-4.4906,1.36e-15,1.067e-15,4.789e-16,0.001,-4.44,1,2.9059e-15,-8.226518993791732,2.35862171919983
52,1162,b'FrontS092375',19.68810916179337,72,b'FrontS092375',41.8564,-4.5036,1.686e-15,1.329e-15,5.803e-16,0.001,-2.96,1,3.5953e-15,-8.132722357001805,2.3543787594633647
53,1163,b'FrontS092379',19.435535599743424,76,b'FrontS092379',41.4985,-4.0299,1.991e-15,1.558e-15,6.851e-16,0.001,-4.6,1,4.2341e-15,-8.156694504523642,2.115285639756506
54,1165,b'FrontS092456',18.532110091743117,136,b'FrontS092456',42.2821,-4.1925,1.821e-15,1.428e-15,6.316e-16,0.001,-3.04,1,3.8806e-15,-8.242440017145787,2.0017778882853428
55,1167,b'FrontS092524',19.72228249077891,184,b'FrontS092524',42.2037,-4.4329,2.099e-15,1.616e-15,7.011e-16,0.0,-2.82,1,4.4161e-15,-8.129478913479431,2.143087311753307
56,1169,b'FrontS092585',22.273952462631705,234,b'FrontS092585',40.5044,-4.4591,4.809e-15,3.63e-15,1.503e-15,0.001,-4.39,1,9.942e-15,-7.887295968851996,1.889725411090814
57,1184,b'FrontS094968',19.319872476089266,924,b'FrontS094968',27.1879,20.646,1.892e-15,1.479e-15,6.509e-16,0.0,4.85,1,4.0219e-15,-8.167672270528008,2.1437778418926423
58,1187,b'FrontS095362',19.14087176247631,1155,b'FrontS095362',27.5212,20.5241,1.221e-15,9.505e-16,4.185e-16,-0.001,2.71,1,2.59e-15,-8.184661505182724,2.6223652835208675
59,1189,b'FrontS095492',21.845710165825523,1245,b'FrontS095492',27.0,20.7346,2.586e-15,1.94e-15,8.085e-16,0.0,4.79,1,5.3345e-15,-7.92794110776047,2.4667695632513604
60,1190,b'FrontS095511',19.705181010188596,1260,b'FrontS095511',27.4478,20.6848,1.388e-15,1.055e-15,4.475e-16,0.0,3.43,1,2.8905e-15,-8.131102041459357,2.6474194149717487
61,1193,b'FrontS095596',19.519003650418725,1317,b'FrontS095596',27.4375,20.7541,1.119e-15,8.541e-16,3.6e-16,0.002,3.61,1,2.3331e-15,-8.148772422703562,2.8830981518860117
62,1194,b'FrontS095606',20.28565052443651,1324,b'FrontS095606',26.8189,20.4023,1.912e-15,1.446e-15,6.125e-16,0.001,3.99,1,3.970499999999999e-15,-8.076008781838114,2.409414183648475
63,1195,b'FrontS095622',19.705181010188596,1339,b'FrontS095622',27.4357,20.7235,1.667e-15,1.327e-15,5.891e-16,0.001,3.51,1,3.5831e-15,-8.131102041459357,2.360551706504623
64,1196,b'FrontS095647',19.842829076620824,1356,b'FrontS095647',27.5729,20.7599,1.914e-15,1.492e-15,6.882e-16,0.0,3.47,1,4.094199999999999e-15,-8.118037650523792,2.2599392408703953
65,1199,b'FrontS095689',19.91237677984666,1386,b'FrontS095689',26.6663,20.5125,2.057e-15,1.549e-15,6.249e-16,0.001,4.43,1,4.2309e-15,-8.111436770415821,2.234888732241405
66,1200,b'FrontS095699',17.82003528719859,1391,b'FrontS095699',27.5436,20.8977,1.3e-15,1.012e-15,4.495e-16,0.0,3.79,1,2.7615e-15,-8.310024138470999,2.1998733295042707
67,1201,b'FrontS095707',19.654054054054054,1398,b'FrontS095707',27.5881,20.8655,1.622e-15,1.247e-15,5.318e-16,0.0,3.65,1,3.4008e-15,-8.135954579962803,2.4215279338916433
68,1203,b'FrontS095772',19.654054054054054,1446,b'FrontS095772',26.5685,20.3451,2.984e-15,2.244e-15,9.315e-16,0.0,4.28,1,6.159500000000001e-15,-8.135954579962803,1.805141637243906
69,1205,b'FrontS095794',18.886349470184914,1461,b'FrontS095794',26.6189,20.0753,1.821e-15,1.402e-15,5.826e-16,0.001,3.82,1,3.8056e-15,-8.20881860970659,2.0999873969642118
70,1206,b'FrontS095795',22.252141982864135,1462,b'FrontS095795',26.6222,20.0315,2.612e-15,2.003e-15,8.733e-16,0.001,3.86,1,5.4883e-15,-7.889366035228962,2.537911699169282
71,1207,b'FrontS095816',20.805676356145568,1481,b'FrontS095816',26.9238,21.6271,2.001e-15,1.597e-15,7.33e-16,0.0,4.69,1,4.3309999999999996e-15,-8.02665232563693,2.42672955330448
72,1208,b'FrontS095817',21.154293693274376,1482,b'FrontS095817',27.4795,19.5061,2.565e-15,1.98e-15,8.31e-16,0.001,2.95,1,5.376e-15,-7.993564514836411,2.2640454840013406
73,1209,b'FrontS095822',19.435535599743424,1487,b'FrontS095822',27.691,19.5402,2.171e-15,1.68e-15,7.309e-16,0.0,2.81,1,4.5819000000000006e-15,-8.156694504523642,2.0370331980939906
74,1210,b'FrontS095824',19.79098628347485,1489,b'FrontS095824',27.7596,19.5926,1.895e-15,1.514e-15,6.697e-16,0.0,2.76,1,4.0787e-15,-8.122958130225438,2.2307864470307655
75,1212,b'FrontS095838',19.238095238095237,1503,b'FrontS095838',28.2586,19.9269,1.65e-15,1.247e-15,5.191e-16,0.0,2.85,1,3.4161e-15,-8.175433874700712,2.313927970999794
76,1213,b'FrontS095839',21.29304286718201,1504,b'FrontS095839',28.2705,19.9459,1.808e-15,1.386e-15,5.7e-16,0.001,2.9,1,3.7640000000000004e-15,-7.980395616086868,2.747391667923347
77,1215,b'FrontS095844',22.20864891277791,1509,b'FrontS095844',25.9091,21.0784,4.227e-15,3.207e-15,1.326e-15,0.0,4.81,1,8.76e-15,-7.893494029797445,1.9961974898255925
78,1216,b'FrontS095845',20.052945069490402,1510,b'FrontS095845',28.4096,20.2291,2.426e-15,1.811e-15,7.475e-16,0.0,2.98,1,4.9845000000000004e-15,-8.098095216577477,2.0989068579240935
79,1217,b'FrontS095868',21.075817296545328,1533,b'FrontS095868',26.2249,19.8798,2.034e-15,1.592e-15,6.95e-16,0.0,3.81,1,4.321e-15,-8.001012831058038,2.5033527613531907
80,1218,b'FrontS095871',19.825517993456923,1536,b'FrontS095871',27.9644,21.4713,1.327e-15,1.03e-15,4.408e-16,0.001,3.86,1,2.7978000000000002e-15,-8.119680672208245,2.7148200723706366
81,1219,b'FrontS095874',20.50530115046244,1539,b'FrontS095874',26.5503,19.6214,2.069e-15,1.615e-15,6.766e-16,-0.0,3.65,1,4.3606e-15,-8.055161401108233,2.3352481468365944
82,1220,b'FrontS095879',19.287078294080203,1544,b'FrontS095879',27.6262,21.7962,1.447e-15,1.119e-15,4.749e-16,0.0,4.21,1,3.0409e-15,-8.170784817077216,2.45579747330726
83,1221,b'FrontS095884',19.17317021725374,1549,b'FrontS095884',27.331,22.0377,2.14e-15,1.645e-15,6.82e-16,0.0,4.54,1,4.4669999999999994e-15,-8.181596008871995,2.0004101267261825
84,1222,b'FrontS095898',20.159680638722556,1563,b'FrontS095898',27.8105,19.1857,1.629e-15,1.284e-15,5.574e-16,0.001,2.9,1,3.4703999999999998e-15,-8.087964778574806,2.521942025921428
85,1223,b'FrontS095900',19.336311423101467,1564,b'FrontS095900',26.3726,22.0256,1.243e-15,9.584e-16,4.107e-16,0.001,4.86,1,2.6121e-15,-8.166112024634964,2.6679063772761937
86,1224,b'FrontS095907',20.748687514266148,1571,b'FrontS095907',26.0067,21.8257,3.128e-15,2.44e-15,1.094e-15,0.0,4.98,1,6.662e-15,-8.032061224785139,1.9510772924968347
87,1226,b'FrontS095921',23.112128146453088,1584,b'FrontS095921',25.4359,21.2179,5.6e-15,4.289e-15,1.76e-15,-0.0,4.78,1,1.1649e-14,-7.807743417988381,1.9052425315309147
88,1227,b'FrontS095922',19.964858335163626,1585,b'FrontS095922',25.5738,21.1439,2.598e-15,1.993e-15,8.285e-16,0.001,4.85,1,5.4195e-15,-8.106455664808319,1.981611519594412
89,1228,b'FrontS095940',22.383649347451364,1603,b'FrontS095940',25.6449,19.9082,4.777e-15,3.619e-15,1.518e-15,0.001,4.17,1,9.914e-15,-7.876884467805569,1.9154176038984538
90,1229,b'FrontS095947',22.472187886279354,1610,b'FrontS095947',28.2536,21.7412,4.835e-15,3.621e-15,1.518e-15,0.001,4.01,1,9.974e-15,-7.868481138110544,1.9335044170029603
91,1231,b'FrontS095971',18.886349470184914,1634,b'FrontS095971',27.7363,18.7356,1.82e-15,1.376e-15,5.752e-16,0.001,2.9,1,3.7711999999999994e-15,-8.20881860970659,2.1197345483811962
92,1232,b'FrontS095976',18.23470411233701,1639,b'FrontS095976',26.116,22.4819,1.486e-15,1.174e-15,5.377e-16,0.0,4.89,1,3.1977e-15,-8.270667278757553,2.137136748532329
93,1233,b'FrontS095992',21.017341040462426,1651,b'FrontS095992',27.614,21.2901,2.83e-15,2.102e-15,8.795e-16,-0.0,4.02,1,5.8115e-15,-8.006562902989426,2.1647223078914823
94,1235,b'FrontS096022',18.980998120693254,1681,b'FrontS096022',27.6564,19.5726,1.268e-15,9.618e-16,4.074e-16,-0.0,2.8,1,2.6372e-15,-8.199835359859243,2.5617688098109697
95,1236,b'FrontS096026',20.598232494901428,1684,b'FrontS096026',26.5355,21.5679,2.482e-15,1.861e-15,7.781e-16,0.001,4.88,1,5.1210999999999995e-15,-8.046341143436713,2.197638433795925
96,1237,b'FrontS096063',19.79098628347485,1717,b'FrontS096063',25.9429,20.6863,1.207e-15,9.297e-16,4.104e-16,-0.0,4.46,1,2.5471000000000003e-15,-8.122958130225438,2.8467512459910074
97,1238,b'FrontS096074',22.427831236121392,1725,b'FrontS096074',25.93,20.2119,5.574e-15,4.251e-15,1.759e-15,0.001,4.29,1,1.1584e-14,-7.87269109639965,1.7758607121066714
98,1239,b'FrontS096101',22.252141982864135,1749,b'FrontS096101',27.4539,21.7732,4.531e-15,3.47e-15,1.462e-15,0.0,4.38,1,9.463000000000001e-15,-7.889366035228962,1.9282007390788296
99,1240,b'FrontS096120',23.301717508331198,1767,b'FrontS096120',26.7347,22.0202,4.333e-15,3.368e-15,1.479e-15,0.001,4.83,1,9.18e-15,-7.789749198345495,2.19502443623627
100,1244,b'FrontS096172',19.947333772218563,1815,b'FrontS096172',28.8969,21.0039,1.828e-15,1.404e-15,5.905e-16,0.001,3.43,1,3.8225e-15,-8.10811894818907,2.3564431787031164
101,1245,b'FrontS096178',20.10617120106171,1821,b'FrontS096178',25.5321,19.9632,2.422e-15,1.844e-15,7.95e-16,0.001,4.15,1,5.060999999999999e-15,-8.093043442085767,2.09217409585497
102,1246,b'FrontS096185',22.427831236121392,1828,b'FrontS096185',25.9972,19.8112,3.564e-15,2.793e-15,1.223e-15,0.001,3.88,1,7.58e-15,-7.87269109639965,2.190881983254503
103,1247,b'FrontS096208',20.84384315523962,1846,b'FrontS096208',27.2774,22.4891,2.014e-15,1.563e-15,6.754e-16,0.0,4.58,1,4.2523999999999994e-15,-8.0230298556884,2.4632335045467735
104,1251,b'FrontS100141',19.14087176247631,1892,b'FrontS100141',6.5562,17.9666,1.584e-15,1.231e-15,5.328e-16,0.001,3.27,1,3.3478e-15,-8.184661505182724,2.304306372927132
105,1256,b'FrontS100365',19.303461456784877,2022,b'FrontS100365',6.5519,18.1744,3.76e-15,2.825e-15,1.173e-15,0.001,4.2,1,7.758e-15,-8.1692298657591,1.5483738963379714
106,1257,b'FrontS100372',21.95121951219512,2028,b'FrontS100372',6.7274,17.6093,5.494e-15,4.19e-15,1.706e-15,0.0,1.55,1,1.139e-14,-7.917927052466731,1.6979678476639974
107,1258,b'FrontS100406',20.035265594004848,2049,b'FrontS100406',6.2544,18.07,3.502e-15,2.701e-15,1.149e-15,0.002,3.97,1,7.352e-15,-8.099773202947105,1.7153435207406067
108,1261,b'FrontS100585',21.617122473246134,2178,b'FrontS100585',6.4854,17.3058,3.101e-15,2.413e-15,1.089e-15,0.0,1.63,1,6.603e-15,-7.94963671930316,2.1572624267723888
109,1263,b'FrontS100646',20.2494987747828,2222,b'FrontS100646',6.558,16.9216,2.032e-15,1.578e-15,6.97e-16,-0.001,1.56,1,4.307e-15,-8.079440000326848,2.29734648564472
110,1264,b'FrontS100688',18.996865203761754,2260,b'FrontS100688',6.5478,16.9184,3.826e-15,2.897e-15,1.21e-15,0.001,1.61,1,7.933e-15,-8.198329390457806,1.4786352561249854
111,1265,b'FrontS100693',22.51672033688382,2265,b'FrontS100693',6.5136,16.9366,4.29e-15,3.316e-15,1.379e-15,0.0,1.57,1,8.984999999999999e-15,-7.864254494329085,2.0303246710841862
112,1267,b'FrontS100701',21.99370917009436,2273,b'FrontS100701',6.6322,18.975,5.097e-15,3.899e-15,1.666e-15,0.0,4.2,1,1.0662e-14,-7.913894293301259,1.7683826111606495
113,1268,b'FrontS100702',20.598232494901428,2274,b'FrontS100702',6.4748,16.9242,4.37e-15,3.291e-15,1.387e-15,0.0,1.58,1,9.047999999999999e-15,-8.046341143436713,1.6525913952591629
114,1269,b'FrontS100713',21.134619855847475,2285,b'FrontS100713',6.6967,18.9816,2.821e-15,2.248e-15,1.023e-15,0.001,4.14,1,6.0919999999999996e-15,-7.9954317891833,2.1202445324881016
115,1270,b'FrontS100729',21.017341040462426,2301,b'FrontS100729',6.3324,17.0378,4.341e-15,3.332e-15,1.426e-15,0.0,1.96,1,9.099e-15,-8.006562902989426,1.719356964457633
116,1271,b'FrontS100749',18.761609907120743,2321,b'FrontS100749',6.2823,17.6921,2.67e-15,2.024e-15,8.687e-16,0.002,2.65,1,5.5627e-15,-8.220657834617201,1.7241134053844112
117,1272,b'FrontS100751',22.273952462631705,2323,b'FrontS100751',6.2868,17.7674,4.064e-15,3.204e-15,1.41e-15,0.001,2.75,1,8.678000000000001e-15,-7.887295968851996,2.01143388410169
118,1273,b'FrontS100754',19.157007376185458,2324,b'FrontS100754',6.2799,17.956,1.681e-15,1.31e-15,5.654e-16,0.0,2.92,1,3.5564e-15,-8.183130049122749,2.237686942272604
119,1274,b'FrontS100760',20.141812541546642,2329,b'FrontS100760',6.8289,17.5491,3.358e-15,2.617e-15,1.126e-15,0.001,2.56,1,7.101e-15,-8.089660667320878,1.7630628931617007
120,1275,b'FrontS100762',22.856424440533065,2331,b'FrontS100762',6.7858,17.4867,6.118e-15,4.689e-15,1.943e-15,0.0,2.52,1,1.2750000000000001e-14,-7.832012652307462,1.771958545545433
121,1276,b'FrontS100770',19.07660020986359,2339,b'FrontS100770',6.3588,18.9567,3.327e-15,2.571e-15,1.113e-15,0.001,3.71,1,7.011e-15,-8.190761617673457,1.5833180136940512
122,1277,b'FrontS100772',21.72043010752688,2341,b'FrontS100772',6.4035,19.0125,5.846e-15,4.409e-15,1.856e-15,0.001,3.82,1,1.2111e-14,-7.939831631909966,1.6140394098069295
123,1278,b'FrontS100774',18.823773037896046,2343,b'FrontS100774',6.407,19.1295,2.581e-15,2.045e-15,9.282e-16,0.001,3.91,1,5.5542e-15,-8.214757835704924,1.7269287748702726
124,1279,b'FrontS100778',20.69201001593444,2347,b'FrontS100778',6.6239,16.5222,2.701e-15,2.118e-15,9.586e-16,0.001,1.7,1,5.777600000000001e-15,-8.037440573835566,2.081213983379917
125,1280,b'FrontS100796',19.17317021725374,2365,b'FrontS100796',6.3174,16.285,2.288e-15,1.748e-15,7.599e-16,-0.0,1.67,1,4.7959000000000005e-15,-8.181596008871995,1.9405787947592323
126,1281,b'FrontS100799',20.997920997920996,2368,b'FrontS100799',6.285,16.5058,2.988e-15,2.321e-15,1.05e-15,0.0,1.86,1,6.359e-15,-8.008406089271098,2.0556983397729023
127,1284,b'FrontS100862',19.877542094904875,2422,b'FrontS100862',6.7669,18.8887,2.024e-15,1.604e-15,7.353e-16,0.001,3.97,1,4.3633e-15,-8.114742984255162,2.187894244874255
128,1285,b'FrontS100866',23.690383111806096,2425,b'FrontS100866',6.3395,17.0649,3.795e-15,3.012e-15,1.345e-15,0.001,1.84,1,8.152e-15,-7.752860344628804,2.4218226908290577
129,1286,b'FrontS100908',20.616919936493534,2461,b'FrontS100908',6.8256,17.6266,3.278e-15,2.531e-15,1.076e-15,0.0,2.59,1,6.885e-15,-8.044567489444523,1.8882964762401822
130,1287,b'FrontS100911',20.78664532357649,2464,b'FrontS100911',6.2816,18.1337,3.231e-15,2.488e-15,1.035e-15,0.0,3.05,1,6.7540000000000005e-15,-8.028458590380302,1.9401956064703008
131,1288,b'FrontS100933',22.20864891277791,2484,b'FrontS100933',6.6504,16.4963,4.466e-15,3.361e-15,1.406e-15,0.001,1.73,1,9.233e-15,-7.893494029797445,1.9499286882469322
132,1289,b'FrontS100962',19.92983994737996,2512,b'FrontS100962',6.3325,16.3325,1.596e-15,1.27e-15,5.729e-16,0.001,1.66,1,3.4388999999999995e-15,-8.109779314168584,2.4729109774618268
133,1290,b'FrontS100971',20.54237288135593,2520,b'FrontS100971',6.9739,19.1956,3.113e-15,2.451e-15,1.119e-15,0.001,3.72,1,6.683e-15,-8.051642865776762,1.9032985269679934
134,1292,b'FrontS101404',20.394884451424726,2732,b'FrontS101404',39.8112,-10.9296,7.766e-16,5.852e-16,2.416e-16,0.0,-1.28,1,1.6034000000000002e-15,-8.065641220835696,3.8328977243737037
135,1293,b'FrontS101418',19.385796545105563,2743,b'FrontS101418',39.7278,-10.5634,1.127e-15,8.665e-16,3.821e-16,0.0,0.71,1,2.3755999999999998e-15,-8.161415315148863,2.8210323011118086
136,1294,b'FrontS101419',19.352778369171812,2744,b'FrontS101419',39.4779,-10.8597,5.053e-16,3.884e-16,1.62e-16,0.0,-1.13,1,1.0557000000000002e-15,-8.164549121307996,4.198419482961385
137,1297,b'FrontS101462',20.267558528428093,2777,b'FrontS101462',39.5652,-10.6798,6.341e-16,4.863e-16,2.092e-16,-0.0,0.06,1,1.3296e-15,-8.077725921168764,4.14653088599569
138,1298,b'FrontS101532',20.978536810523885,2829,b'FrontS101532',39.5243,-10.7532,8.63e-16,6.648e-16,2.963e-16,0.0,-0.58,1,1.8241e-15,-8.010245872485553,3.8329359173525934
139,1303,b'FrontS101748',19.671066868643152,2984,b'FrontS101748',39.2825,-11.065,9.261e-16,7.11e-16,3.07e-16,-0.001,-0.89,1,1.9441e-15,-8.134339867410224,3.2128856285725043
140,1305,b'FrontS101778',21.99370917009436,3004,b'FrontS101778',39.2372,-11.253,1.206e-15,9.222e-16,3.931e-16,-0.0,-1.04,1,2.5213e-15,-7.913894293301259,3.6361374729219182
141,1307,b'FrontS101802',23.06521187515859,3026,b'FrontS101802',39.9671,-10.1725,1.203e-15,9.09e-16,3.827e-16,0.0,0.47,1,2.4947e-15,-7.812196313879456,4.117370053194477
142,1308,b'FrontS101809',21.154293693274376,3033,b'FrontS101809',39.3318,-11.3472,1.124e-15,8.773e-16,3.823e-16,0.0,-1.15,1,2.3836e-15,-7.993564514836411,3.401290122767779
143,1309,b'FrontS101816',18.94934333958724,3039,b'FrontS101816',39.336,-11.4582,6.136e-16,4.929e-16,2.23e-16,-0.0,-1.23,1,1.3295e-15,-8.202839764106015,3.5661590512228716
144,1310,b'FrontS101817',18.94934333958724,3040,b'FrontS101817',39.378,-11.4623,6.85e-16,5.32e-16,2.369e-16,0.0,-1.28,1,1.4538999999999998e-15,-8.202839764106015,3.432608723100337
145,1311,b'FrontS101832',20.939875604699377,3054,b'FrontS101832',39.5289,-11.6556,9.322e-16,7.285e-16,3.136e-16,-0.0,-1.43,1,1.9742999999999998e-15,-8.013915267341748,3.6460917102344053
146,1312,b'FrontS101833',19.45217205221485,3055,b'FrontS101833',39.6612,-9.8068,8.218e-16,6.571e-16,2.995e-16,-0.0,0.78,1,1.7784e-15,-8.155115513081908,3.263070897171117
147,1313,b'FrontS101836',21.55560825231207,3058,b'FrontS101836',39.5862,-11.6811,1.622e-15,1.242e-15,5.186e-16,-0.0,-1.49,1,3.3826e-15,-7.955475129178501,2.986769016508779
148,1314,b'FrontS101844',19.418927579577012,3066,b'FrontS101844',39.7239,-11.7764,6.671e-16,5.347e-16,2.417e-16,0.002,-1.52,1,1.4434999999999999e-15,-8.158270797411319,3.6042052027418623
149,1315,b'FrontS101857',19.17317021725374,3079,b'FrontS101857',39.3366,-9.6203,6.449e-16,5.094e-16,2.291e-16,0.0,0.81,1,1.3834e-15,-8.181596008871995,3.5947817256124606
150,1316,b'FrontS101861',22.472187886279354,3083,b'FrontS101861',39.2735,-9.6499,1.714e-15,1.311e-15,5.498e-16,0.001,0.84,1,3.5748e-15,-7.868481138110544,3.2133503947936752
151,1317,b'FrontS101874',18.933555509268903,3096,b'FrontS101874',40.1975,-11.6911,6.332e-16,5.043e-16,2.261e-16,0.0,-1.15,1,1.3636000000000001e-15,-8.204338211506325,3.51954409084388
152,1318,b'FrontS101882',18.45685279187817,3104,b'FrontS101882',38.9342,-9.9555,6.342e-16,4.852e-16,2.124e-16,0.0,0.32,1,1.3318e-15,-8.249582803903891,3.406027906644906
153,1319,b'FrontS101904',19.825517993456923,3125,b'FrontS101904',39.8025,-10.0721,1.169e-15,8.87e-16,3.746e-16,0.001,0.63,1,2.4306000000000005e-15,-8.119680672208245,2.9254848538891363
154,1320,b'FrontS101911',21.78289000718907,3131,b'FrontS101911',39.4569,-11.475,1.467e-15,1.129e-15,4.748e-16,0.0,-1.3,1,3.0708e-15,-7.933903466203514,3.2114509701042464
155,1321,b'FrontS101925',21.313012895662368,3143,b'FrontS101925',39.6792,-9.9006,1.7e-15,1.273e-15,5.265e-16,0.001,0.81,1,3.4995e-15,-7.978500229788869,2.8730003789708727
156,1323,b'FrontS101966',20.959188379063868,3178,b'FrontS101966',39.0639,-9.8511,8.481e-16,6.682e-16,2.945e-16,0.001,0.57,1,1.8108e-15,-8.0120822620487,3.8150974289004314
157,1325,b'FrontS102946',20.37659717552118,3251,b'FrontS102946',14.448,9.4667,9.809e-16,7.516e-16,3.13e-16,0.001,-0.59,1,2.0455000000000002e-15,-8.067376894483303,3.3753449813387735
158,1333,b'FrontS103391',19.877542094904875,3532,b'FrontS103391',14.456,9.5492,1.847e-15,1.426e-15,6.185e-16,0.001,-0.47,1,3.8915e-15,-8.114742984255162,2.320431461021159
159,1334,b'FrontS103460',19.825517993456923,3579,b'FrontS103460',14.5459,9.5126,1.966e-15,1.535e-15,6.855e-16,0.001,-0.8,1,4.1865e-15,-8.119680672208245,2.223849915568761
160,1336,b'FrontS103488',19.468837010066395,3602,b'FrontS103488',14.501,9.6707,1.845e-15,1.44e-15,6.453e-16,0.001,3.04,1,3.930299999999999e-15,-8.153533816150448,2.2082683393510587
161,1337,b'FrontS103489',18.147334797364742,3603,b'FrontS103489',14.5018,9.6689,1.347e-15,1.061e-15,4.719e-16,-0.0,-3.09,1,2.8799e-15,-8.278959635607565,2.2267040049558178
162,1338,b'FrontS103491',21.154293693274376,3605,b'FrontS103491',14.4468,9.8124,2.25e-15,1.719e-15,7.335e-16,0.001,0.7,1,4.7024999999999994e-15,-7.993564514836411,2.429851900985339
163,1339,b'FrontS103493',19.68810916179337,3607,b'FrontS103493',14.545,9.5143,1.453e-15,1.142e-15,5.141e-16,0.0,-0.96,1,3.1091e-15,-8.132722357001805,2.5398365549380753
164,1340,b'FrontS103513',19.86017041730391,3627,b'FrontS103513',14.3637,9.4181,1.698e-15,1.316e-15,5.781e-16,-0.0,-0.42,1,3.5921e-15,-8.116391757051382,2.4108832344316093
165,1341,b'FrontS103526',18.638507279065,3639,b'FrontS103526',14.8377,9.889,9.834e-16,7.694e-16,3.427e-16,0.001,-0.41,1,2.0955e-15,-8.23234169549372,2.7590086448749997
166,1342,b'FrontS103528',20.413204581181226,3641,b'FrontS103528',14.1414,9.511,1.683e-15,1.258e-15,5.23e-16,0.002,0.19,1,3.464e-15,-8.063902428978077,2.6194400594695133
167,1343,b'FrontS103532',20.978536810523885,3645,b'FrontS103532',14.084,9.539,2.256e-15,1.72e-15,7.276e-16,0.001,0.42,1,4.7036e-15,-8.010245872485553,2.382938534507509
168,1344,b'FrontS103537',19.808237088690348,3650,b'FrontS103537',15.0135,9.6989,1.462e-15,1.129e-15,4.832e-16,0.001,-0.76,1,3.0742e-15,-8.121320829614321,2.5881688994387932
169,1345,b'FrontS103542',19.485530546623792,3655,b'FrontS103542',15.0276,9.589,1.868e-15,1.403e-15,5.767e-16,0.001,-0.9,1,3.8477e-15,-8.151949406769802,2.2412817823627216
170,1346,b'FrontS103545',19.238095238095237,3658,b'FrontS103545',13.9074,9.8084,1.541e-15,1.216e-15,5.346e-16,0.0,0.71,1,3.2916e-15,-8.175433874700712,2.343237317743315
171,1347,b'FrontS103546',21.887791957620994,3659,b'FrontS103546',15.0577,9.5306,1.712e-15,1.345e-15,6.174e-16,0.001,-0.95,1,3.6744e-15,-7.9239470597979,2.9762220363133185
172,1348,b'FrontS103549',21.95121951219512,3662,b'FrontS103549',13.9313,9.8727,2.443e-15,1.916e-15,8.423e-16,-0.0,0.85,1,5.2013e-15,-7.917927052466731,2.51095379629585
173,1350,b'FrontS103560',22.015015742310485,3673,b'FrontS103560',13.9098,10.167,2.672e-15,2.063e-15,8.917e-16,0.0,0.81,1,5.6267e-15,-7.911872053569578,2.436768989863433
174,1351,b'FrontS103567',20.19551210842035,3680,b'FrontS103567',14.0291,10.3146,1.576e-15,1.218e-15,5.388e-16,0.001,0.76,1,3.3328e-15,-8.084563958352181,2.5995272638507476
175,1353,b'FrontS103576',19.91237677984666,3687,b'FrontS103576',14.2105,10.4698,2.214e-15,1.744e-15,7.884e-16,0.001,0.71,1,4.7464e-15,-8.111436770415821,2.1062425132416496
176,1354,b'FrontS103578',21.193751457216134,3689,b'FrontS103578',14.7071,8.8801,2.822e-15,2.116e-15,8.901e-16,0.0,-0.82,1,5.8281e-15,-7.989819517416979,2.1995427617968213
177,1356,b'FrontS103603',19.62011655514785,3714,b'FrontS103603',15.2077,10.3316,1.051e-15,8.43e-16,3.804e-16,0.001,-0.32,1,2.2744e-15,-8.139175640487503,2.9342586426754944
178,1358,b'FrontS103630',23.373617896631522,3741,b'FrontS103630',13.3107,10.0218,2.384e-15,1.809e-15,7.732e-16,0.0,0.72,1,4.9662e-15,-7.782925021257348,3.0186878443634075
179,1360,b'FrontS103737',19.91237677984666,3834,b'FrontS103737',14.8801,8.9867,1.083e-15,8.465e-16,3.752e-16,-0.0,-1.12,1,2.3047e-15,-8.111436770415821,3.0232087339253133
180,1361,b'FrontS103769',22.494432071269486,3860,b'FrontS103769',14.1658,8.8916,2.116e-15,1.615e-15,6.777e-16,0.001,-0.3,1,4.4087e-15,-7.866369908099934,2.9022096552788272
181,1363,b'FrontS103807',22.05775297257947,3892,b'FrontS103807',15.6832,9.6301,2.859e-15,2.153e-15,8.766e-16,0.001,-0.8,1,5.8886e-15,-7.907815796927482,2.3964594601675753
182,1364,b'FrontS103812',20.882150241212955,3897,b'FrontS103812',15.7732,9.3741,1.493e-15,1.169e-15,5.236e-16,0.001,-0.94,1,3.1856000000000003e-15,-8.019394070895125,2.860195433773193
183,1365,b'FrontS103815',18.83937823834197,3900,b'FrontS103815',15.755,9.407,1.219e-15,9.315e-16,4.104e-16,0.0,-0.87,1,2.5609000000000003e-15,-8.213276721988345,2.5631274950408556
184,1366,b'FrontS103826',21.474131821403258,3907,b'FrontS103826',13.3314,10.3458,2.505e-15,1.889e-15,7.654e-16,0.001,0.71,1,5.1594e-15,-7.963208183285377,2.400379612192557
185,1370,b'FrontS107123',18.980998120693254,4185,b'FrontS107123',3.6269,4.8132,7.929e-11,5.908e-11,2.48e-11,0.112,-0.45,1,1.6317000000000002e-10,-8.199835359859243,0.01033622790907759
186,1371,b'FrontS107143',18.71525633106856,4199,b'FrontS107143',7.7567,-7.9578,4.827e-12,3.816e-12,1.708e-12,0.025,-0.43,1,1.0351e-11,-8.225057324232303,0.03950637254989652
187,1372,b'FrontS107174',21.056289089645585,4221,b'FrontS107174',16.4545,-3.921,4.383e-11,3.32e-11,1.395e-11,0.051,-1.78,1,9.097999999999999e-11,-8.002866283386295,0.017298076620687858
188,1373,b'FrontS107194',20.69201001593444,4241,b'FrontS107194',24.5152,-21.8285,3.327e-11,2.551e-11,1.053e-11,0.039,-1.71,1,6.931e-11,-8.037440573835566,0.01896376145861438
189,1374,b'FrontS107211',21.55560825231207,4257,b'FrontS107211',-5.4006,5.7557,1.036e-10,8.107e-11,3.648e-11,0.091,0.73,1,2.2115e-10,-7.955475129178501,0.011690480152235064
190,1377,b'FrontS107247',19.352778369171812,4288,b'FrontS107247',10.8025,12.1674,1.533e-11,1.208e-11,5.452e-12,0.038,-1.03,1,3.2862e-11,-8.164549121307996,0.023806303840167572
191,1378,b'FrontS107268',22.361623616236162,4305,b'FrontS107268',-0.1107,0.0506,8.724e-11,6.633e-11,2.706e-11,0.062,4.87,1,1.8063000000000003e-10,-7.878974964030437,0.014114240695038612
192,1380,b'FrontS107272',21.51479289940828,4309,b'FrontS107272',-0.1061,0.0765,6.248e-11,4.782e-11,2.045e-11,0.061,3.69,1,1.3075e-10,-7.959348977466597,0.01515377118714758
193,1381,b'FrontS107274',20.959188379063868,4311,b'FrontS107274',0.0087,0.0966,3.719e-11,2.954e-11,1.342e-11,0.062,-6.45,1,8.015000000000002e-11,-8.0120822620487,0.01814486007591541
194,1382,b'FrontS107310',19.947333772218563,4335,b'FrontS107310',-41.8827,-0.516,9.055e-12,7.032e-12,3.126e-12,0.032,1.98,1,1.9213e-11,-8.10811894818907,0.03329669246278743
195,1383,b'FrontS107324',20.141812541546642,4338,b'FrontS107324',16.3993,-0.538,6.494e-12,5.09e-12,2.291e-12,0.023,-0.88,1,1.3875e-11,-8.089660667320878,0.039977052928318206
196,1384,b'FrontS107332',21.373148365859393,4342,b'FrontS107332',-8.0838,-0.5871,4.789e-12,3.802e-12,1.679e-12,0.02,0.44,1,1.027e-11,-7.9727926792789985,0.05291729110852959
197,1385,b'FrontS107362',21.845710165825523,4353,b'FrontS107362',-2.6339,0.3192,2.817e-12,2.145e-12,9.256e-13,0.015,0.13,1,5.887599999999999e-12,-7.92794110776047,0.07418494821440337
198,1386,b'FrontS107394',20.9013566337089,4365,b'FrontS107394',12.5974,-0.7903,4.914e-11,3.772e-11,1.637e-11,0.065,-1.82,1,1.0323e-10,-8.0175711624698,0.015956167134830074
199,1387,b'FrontS107420',19.825517993456923,4388,b'FrontS107420',-33.9079,-6.011,1.373e-09,1.076e-09,4.817e-10,0.329,2.28,1,2.9307000000000002e-09,-8.119680672208245,0.0026561556943428743
200,1388,b'FrontS107504',20.141812541546642,4421,b'FrontS107504',6.5606,-0.3069,2.913e-12,2.316e-12,1.026e-12,0.016,-0.31,1,6.2549999999999995e-12,-8.089660667320878,0.059265286582573
201,1389,b'FrontS107515',21.86673081549194,4424,b'FrontS107515',-24.6688,0.4729,5.033e-12,3.838e-12,1.649e-12,0.017,1.06,1,1.052e-11,-7.925946005380322,0.05558716332990535
202,1875,b'LeftS092050',20.213475650433622,7557,b'LeftS092050',-0.1384,-12.2762,5.514e-14,6.066e-14,5.286e-14,-0.001,72.03,1,1.6866e-13,-8.082859010788937,0.3690789629262108
203,1900,b'LeftS107313',19.319872476089266,7808,b'LeftS107313',34.91,0.0801,1.047e-11,8.038e-12,3.408e-12,0.035,2.3,1,2.1915999999999998e-11,-8.167672270528008,0.029079696115475527
204,1901,b'LeftS107315',19.62011655514785,7810,b'LeftS107315',22.9281,-0.27,1.206e-11,9.46e-12,4.068e-12,0.036,2.43,1,2.5588e-11,-8.139175640487503,0.027699160805637044
205,1902,b'LeftS107323',20.54237288135593,7816,b'LeftS107323',-18.4007,0.0885,2.385e-11,1.871e-11,8.437e-12,0.055,2.41,1,5.0997e-11,-8.051642865776762,0.021784202897667696
206,1903,b'LeftS107413',20.213475650433622,7837,b'LeftS107413',35.6637,5.4262,1.234e-10,9.509e-11,4.231e-11,0.107,3.1,1,2.608e-10,-8.082859010788937,0.009321870618347088
207,2987,b'RightS097313',19.947333772218563,16993,b'RightS097313',-37.2151,1.781,1.725e-15,1.311e-15,5.5e-16,0.0,-5.83,1,3.586e-15,-8.10811894818907,2.4385921983873695
208,2988,b'RightS097366',17.862055413637254,17034,b'RightS097366',-37.1903,2.0279,1.262e-15,1.012e-15,4.592e-16,0.001,-5.27,1,2.7332000000000003e-15,-8.306035943262845,2.2099974476636874
209,2994,b'RightS097479',21.075817296545328,17122,b'RightS097479',-37.5066,1.7874,1.621e-15,1.284e-15,5.616e-16,0.001,-6.05,1,3.4665999999999996e-15,-8.001012831058038,2.787475587820016
210,2996,b'RightS097489',22.583850931677016,17131,b'RightS097489',-37.5193,1.8521,3.192e-15,2.412e-15,9.993e-16,0.001,-5.98,1,6.603300000000001e-15,-7.857883025721881,2.398114060408402
211,2997,b'RightS097525',21.17400419287212,17157,b'RightS097525',-37.6164,1.8213,1.703e-15,1.32e-15,5.81e-16,0.001,-6.02,1,3.604e-15,-7.991693760826168,2.7788567148073313
212,2998,b'RightS097539',21.29304286718201,17170,b'RightS097539',-37.5055,1.7385,1.652e-15,1.274e-15,5.431e-16,0.001,-6.12,1,3.4691e-15,-7.980395616086868,2.865612599141242
213,3001,b'RightS097622',18.96515752138535,17227,b'RightS097622',-36.4578,2.1178,8.913e-16,6.827e-16,2.932e-16,0.0,-3.35,1,1.8672e-15,-8.201338815645991,3.035397979815695
214,3002,b'RightS097633',22.40571851121518,17236,b'RightS097633',-36.2987,2.1337,2.311e-15,1.752e-15,7.23e-16,-0.0,-3.32,1,4.786e-15,-7.874789849330318,2.7595484560154646
215,3005,b'RightS097703',19.287078294080203,17280,b'RightS097703',-36.2168,2.141,1.049e-15,8.311e-16,3.671e-16,0.0,-3.38,1,2.2472e-15,-8.170784817077216,2.8495806319030734
216,3006,b'RightS097705',21.273110227006786,17282,b'RightS097705',-37.9674,1.7593,1.376e-15,1.07e-15,4.787e-16,-0.0,-5.86,1,2.9247e-15,-7.982287453802986,3.12007033449984
217,3007,b'RightS097710',19.671066868643152,17286,b'RightS097710',-36.1832,2.1372,1.292e-15,9.734e-16,4.174e-16,0.001,-3.39,1,2.6828e-15,-8.134339867410224,2.7458979657417038
218,3008,b'RightS097712',22.742056542406804,17288,b'RightS097712',-38.0254,1.7512,1.411e-15,1.102e-15,4.855e-16,0.001,-5.82,1,2.9985e-15,-7.84286748645318,3.6097361563510892
219,3009,b'RightS097718',19.07660020986359,17294,b'RightS097718',-36.1794,2.1285,1.274e-15,1.002e-15,4.457e-16,0.001,-3.44,1,2.7217e-15,-8.190761617673457,2.5362106996463925
220,3010,b'RightS097720',22.948750315576874,17296,b'RightS097720',-38.0188,1.7472,2.328e-15,1.802e-15,7.876e-16,-0.0,-5.83,1,4.917600000000001e-15,-7.82324986067294,2.887338330674077
221,3013,b'RightS097736',20.2494987747828,17312,b'RightS097736',-36.1816,2.1033,1.447e-15,1.141e-15,5.162e-16,0.0,-3.52,1,3.1042000000000002e-15,-8.079440000326848,2.701700341172566
222,3015,b'RightS097754',18.933555509268903,17330,b'RightS097754',-36.4539,1.9989,2.214e-15,1.713e-15,7.315e-16,-0.0,-3.89,1,4.6585e-15,-8.204338211506325,1.9096431209959954
223,3016,b'RightS097757',19.68810916179337,17333,b'RightS097757',-37.6879,1.8857,1.535e-15,1.188e-15,5.376e-16,-0.0,-5.26,1,3.2606e-15,-8.132722357001805,2.490179199747403
224,3018,b'RightS097775',21.353065539112052,17351,b'RightS097775',-36.9214,1.8802,3.226e-15,2.554e-15,1.153e-15,-0.0,-4.48,1,6.933e-15,-7.9746987714350235,2.037230492075445
225,3020,b'RightS097784',20.560959059036417,17360,b'RightS097784',-36.9966,2.0875,1.428e-15,1.114e-15,4.956e-16,0.0,-4.45,1,3.0376e-15,-8.049878822899084,2.8289025890037247
226,3021,b'RightS097817',20.340120832400984,17392,b'RightS097817',-35.8874,2.2884,1.528e-15,1.179e-15,5.018e-16,0.0,-3.4,1,3.2088e-15,-8.070838920640108,2.6842541741527786
227,3025,b'RightS097845',19.842829076620824,17420,b'RightS097845',-38.4808,1.7014,1.476e-15,1.148e-15,4.988e-16,0.0,-5.69,1,3.1228e-15,-8.118037650523792,2.576381848304849
228,3026,b'RightS097858',18.51700957425137,17433,b'RightS097858',-37.6847,1.9497,1.093e-15,8.397e-16,3.654e-16,0.001,-5.02,1,2.2981e-15,-8.243873230622407,2.6061613997506403
229,3027,b'RightS097863',21.72043010752688,17438,b'RightS097863',-37.2148,2.0831,2.665e-15,1.972e-15,8.179e-16,0.0,-4.63,1,5.4549e-15,-7.939831631909966,2.413407892956476
230,3029,b'RightS097945',22.23037417461482,17502,b'RightS097945',-37.5278,1.9195,3.445e-15,2.64e-15,1.133e-15,-0.0,-5.11,1,7.218e-15,-7.891432051586115,2.205372784148809
231,3031,b'RightS097955',18.96515752138535,17511,b'RightS097955',-37.2705,2.0725,1.485e-15,1.126e-15,4.765e-16,-0.0,-4.72,1,3.0874999999999998e-15,-8.201338815645991,2.363531511841723
232,3032,b'RightS097972',21.908893709327547,17522,b'RightS097972',-36.8472,2.1381,3.265e-15,2.48e-15,1.029e-15,0.001,-4.29,1,6.774e-15,-7.9219442598976535,2.196858220734471
233,3033,b'RightS097975',18.94934333958724,17525,b'RightS097975',-36.7967,2.0942,9.759e-16,7.678e-16,3.422e-16,0.0,-4.23,1,2.0859e-15,-8.202839764106015,2.8573014662811316
234,3034,b'RightS097991',18.94934333958724,17539,b'RightS097991',-37.8634,1.6761,1.345e-15,1.067e-15,4.674e-16,0.0,-5.46,1,2.8794e-15,-8.202839764106015,2.4238062903423785
235,3035,b'RightS097992',20.0,17540,b'RightS097992',-37.9329,1.6603,1.426e-15,1.08e-15,4.478e-16,0.001,-5.48,1,2.9538e-15,-8.103120315032266,2.7022651772992226
236,3036,b'RightS098009',20.598232494901428,17553,b'RightS098009',-35.8537,2.3158,1.774e-15,1.356e-15,5.832e-16,0.0,-3.4,1,3.7132e-15,-8.046341143436713,2.574539642968602
237,3037,b'RightS098036',21.972443799854965,17578,b'RightS098036',-38.5888,1.5815,1.968e-15,1.509e-15,6.187e-16,0.001,-5.97,1,4.095700000000001e-15,-7.915912622489586,2.835953260032378
238,3038,b'RightS098058',23.112128146453088,17597,b'RightS098058',-38.293,1.7571,2.983e-15,2.273e-15,9.461e-16,-0.0,-5.51,1,6.2021e-15,-7.807743417988381,2.6171497500679517
239,3041,b'RightS098624',18.33770425660682,17906,b'RightS098624',-43.5981,-6.1092,6.184e-16,4.699e-16,2.018e-16,-0.0,0.8,1,1.2901e-15,-8.260891375717003,3.4162652992494578
240,3045,b'RightS098787',18.607983623336747,18021,b'RightS098787',-44.1597,-6.2579,5.363e-16,4.261e-16,1.934e-16,-0.0,1.24,1,1.1558e-15,-8.235238742880963,3.6950886441458377
241,3048,b'RightS098880',20.54237288135593,18080,b'RightS098880',-44.3677,-6.2621,8.136e-16,6.204e-16,2.605e-16,0.0,1.31,1,1.6945e-15,-8.051642865776762,3.783055149874366
242,3050,b'RightS098914',20.123976090325435,18114,b'RightS098914',-42.671,-6.3645,8.613e-16,6.534e-16,2.734e-16,0.0,0.24,1,1.7881e-15,-8.09135355250043,3.521548375570454
243,3051,b'RightS098924',20.231471177387046,18123,b'RightS098924',-44.615,-5.6989,7.714e-16,5.915e-16,2.54e-16,-0.0,1.77,1,1.6169000000000001e-15,-8.081151027485541,3.744959382792921
244,3052,b'RightS098928',19.808237088690348,18127,b'RightS098928',-42.5987,-6.6537,7.131e-16,5.547e-16,2.368e-16,0.002,0.2,1,1.5046e-15,-8.121320829614321,3.692414963310859
245,3053,b'RightS098930',20.78664532357649,18129,b'RightS098930',-42.6527,-6.6509,1.409e-15,1.079e-15,4.564e-16,0.0,0.17,1,2.9444000000000003e-15,-8.028458590380302,2.9461847857790175
246,3055,b'RightS098945',21.55560825231207,18144,b'RightS098945',-44.3933,-5.2595,2.054e-15,1.558e-15,6.503e-16,-0.001,1.88,1,4.2623e-15,-7.955475129178501,2.666727925161078
247,3056,b'RightS098948',18.33770425660682,18146,b'RightS098948',-44.2888,-5.266,4.565e-16,3.571e-16,1.577e-16,0.0,1.92,1,9.713e-16,-8.260891375717003,3.9188567363707407
248,3057,b'RightS098950',19.17317021725374,18148,b'RightS098950',-44.2627,-5.208,7.127e-16,5.616e-16,2.514e-16,0.0,1.88,1,1.5257e-15,-8.181596008871995,3.4236427922513726
249,3059,b'RightS098958',19.189360354654845,18155,b'RightS098958',-43.1631,-7.1139,7.41e-16,5.687e-16,2.5e-16,0.001,0.23,1,1.5597e-15,-8.180059377884064,3.408228446509189
250,3060,b'RightS098991',19.947333772218563,18185,b'RightS098991',-44.4453,-5.9253,7.707e-16,6.105e-16,2.667e-16,0.0,1.64,1,1.6479e-15,-8.10811894818907,3.5735321343059234
251,3061,b'RightS098993',21.474131821403258,18187,b'RightS098993',-42.6142,-6.3067,8.002e-16,6.2e-16,2.71e-16,0.001,0.26,1,1.6912000000000001e-15,-7.963208183285377,4.189865324628964
252,3062,b'RightS098996',22.742056542406804,18190,b'RightS098996',-44.5307,-5.9085,1.075e-15,8.298e-16,3.71e-16,0.001,1.62,1,2.2757999999999996e-15,-7.84286748645318,4.159867919702044
253,3063,b'RightS099004',20.882150241212955,18197,b'RightS099004',-44.6749,-5.8227,1.195e-15,9.353e-16,4.067e-16,0.0,1.62,1,2.537e-15,-8.019394070895125,3.1976247545882397
254,3064,b'RightS099006',22.12217084448771,18199,b'RightS099006',-42.6479,-6.4624,1.989e-15,1.515e-15,6.406e-16,0.001,0.25,1,4.1446e-15,-7.901701797046046,2.87701936469727
255,3065,b'RightS099019',18.10396335391356,18209,b'RightS099019',-44.5768,-5.5304,6.274e-16,4.938e-16,2.181e-16,0.001,1.84,1,1.3392999999999999e-15,-8.283076086403952,3.248526500804835
256,3066,b'RightS099039',20.44994375703037,18226,b'RightS099039',-42.9712,-6.9185,9.74e-16,7.538e-16,3.277e-16,0.0,0.11,1,2.0555000000000004e-15,-8.060415456960348,3.3975370779241825
257,3072,b'RightS099435',18.996865203761754,18474,b'RightS099435',-15.0938,-12.8028,1.156e-15,8.768e-16,3.691e-16,0.001,-1.98,1,2.4019000000000002e-15,-8.198329390457806,2.687726257926106
258,3073,b'RightS099456',21.233356692361596,18493,b'RightS099456',-15.4854,-12.8518,2.257e-15,1.776e-15,7.903e-16,0.001,-2.1,1,4.823300000000001e-15,-7.986060523277457,2.411283407200688
259,3075,b'RightS099538',19.842829076620824,18555,b'RightS099538',-15.3962,-12.7509,1.752e-15,1.377e-15,6.194e-16,0.001,-2.13,1,3.7484e-15,-8.118037650523792,2.352416433373424
260,3077,b'RightS099723',20.0,18696,b'RightS099723',-15.0125,-11.9707,2.134e-15,1.645e-15,7.207e-16,0.001,-1.99,1,4.4997e-15,-8.103120315032266,2.1895602055967402
261,3080,b'RightS099754',22.494432071269486,18722,b'RightS099754',-14.9416,-12.0394,3.973e-15,2.946e-15,1.212e-15,0.001,-2.02,1,8.130999999999999e-15,-7.866369908099934,2.148813257024301
262,3081,b'RightS099762',18.65380668992407,18730,b'RightS099762',-14.9395,-12.0884,1.952e-15,1.538e-15,6.96e-16,0.001,-1.99,1,4.1860000000000006e-15,-8.230889604739904,1.954686123590487
263,3082,b'RightS099773',21.803789877668503,18741,b'RightS099773',-14.8504,-12.0224,2.356e-15,1.832e-15,7.926e-16,0.001,-1.99,1,4.9806000000000005e-15,-7.931919827162856,2.5268377225762646
264,3083,b'RightS099775',22.015015742310485,18743,b'RightS099775',-15.944,-13.9002,4.29e-15,3.236e-15,1.329e-15,0.001,-4.34,1,8.854999999999999e-15,-7.911872053569578,1.9456275926415934
265,3084,b'RightS099780',19.468837010066395,18748,b'RightS099780',-14.8056,-11.992,2.954e-15,2.214e-15,9.184e-16,-0.001,-2.0,1,6.0864000000000005e-15,-8.153533816150448,1.780919477248329
266,3085,b'RightS099784',20.882150241212955,18752,b'RightS099784',-14.8022,-12.0451,3.417e-15,2.583e-15,1.109e-15,0.001,-2.07,1,7.109e-15,-8.019394070895125,1.9241581360734838
267,3086,b'RightS099792',23.301717508331198,18760,b'RightS099792',-15.9481,-13.7308,5.646e-15,4.231e-15,1.773e-15,0.002,-4.22,1,1.165e-14,-7.789749198345495,1.9584112180059225
268,3087,b'RightS099799',21.678988790841878,18767,b'RightS099799',-14.7989,-12.2419,2.786e-15,2.12e-15,9.19e-16,0.0,-2.29,1,5.8250000000000006e-15,-7.943764891388944,2.3171258584562904
269,3088,b'RightS099801',19.86017041730391,18769,b'RightS099801',-14.7792,-12.2385,1.361e-15,1.034e-15,4.466e-16,0.0,-2.38,1,2.8416000000000003e-15,-8.116391757051382,2.7198431034442847
270,3089,b'RightS099809',18.278705007038006,18777,b'RightS099809',-15.8977,-13.4586,7.811e-16,6.139e-16,2.739e-16,0.001,-3.82,1,1.6689e-15,-8.266491085769244,2.9696525546866215
271,3090,b'RightS099818',21.233356692361596,18786,b'RightS099818',-14.9153,-12.7119,3.877e-15,3.046e-15,1.368e-15,0.001,-2.85,1,8.291e-15,-7.986060523277457,1.8412162062259376
272,3091,b'RightS099819',21.373148365859393,18787,b'RightS099819',-15.8182,-13.1501,3.367e-15,2.577e-15,1.092e-15,0.001,-3.47,1,7.036e-15,-7.9727926792789985,2.032574398541066
273,3092,b'RightS099824',19.205577857595603,18792,b'RightS099824',-15.0393,-12.942,2.161e-15,1.684e-15,7.176e-16,-0.0,-3.06,1,4.5626e-15,-8.178520149590428,1.9841243255041516
274,3093,b'RightS099829',21.03679703772275,18797,b'RightS099829',-15.1262,-13.1361,4.274e-15,3.251e-15,1.384e-15,0.001,-3.27,1,8.909e-15,-8.00471630418976,1.7443489299295716
275,3094,b'RightS099841',19.17317021725374,18809,b'RightS099841',-15.3387,-12.2749,1.486e-15,1.167e-15,5.258e-16,0.001,-2.68,1,3.1788000000000003e-15,-8.181596008871995,2.3750161521218214
276,3095,b'RightS099848',23.470178156467853,18815,b'RightS099848',-15.6335,-13.8959,3.589e-15,2.701e-15,1.101e-15,0.0,-3.95,1,7.390999999999999e-15,-7.7737603376113,2.496649283088509
277,3096,b'RightS099860',21.03679703772275,18827,b'RightS099860',-14.7577,-11.4973,3.987e-15,3.023e-15,1.298e-15,0.001,-2.09,1,8.308e-15,-8.00471630418976,1.8089342193070783
278,3097,b'RightS099861',22.539052814282172,18828,b'RightS099861',-14.741,-11.4723,2.823e-15,2.175e-15,9.565e-16,0.0,-2.08,1,5.9545e-15,-7.862134884349418,2.5130604025297454
279,3099,b'RightS099869',19.73941368078176,18836,b'RightS099869',-14.5732,-11.4261,1.471e-15,1.158e-15,5.211e-16,0.0,-2.01,1,3.1501e-15,-8.127852965733199,2.5364087190972375
280,3100,b'RightS099873',19.435535599743424,18840,b'RightS099873',-14.5317,-11.5005,3.618e-15,2.803e-15,1.199e-15,-0.001,-2.05,1,7.62e-15,-8.156694504523642,1.577034516633567
281,3101,b'RightS099882',20.72976054732041,18849,b'RightS099882',-16.2802,-14.1154,4.129e-15,3.259e-15,1.454e-15,0.001,-4.0,1,8.842e-15,-8.033857612499203,1.684724972908926
282,3102,b'RightS099888',21.74121023678546,18855,b'RightS099888',-16.1733,-13.67,3.149e-15,2.421e-15,1.023e-15,-0.0,-3.69,1,6.5930000000000004e-15,-7.937859357693828,2.1830964651310145
283,3104,b'RightS099902',23.301717508331198,18867,b'RightS099902',-14.9792,-12.122,4.433e-15,3.339e-15,1.415e-15,0.001,-2.05,1,9.187e-15,-7.789749198345495,2.2045359800268782
284,3105,b'RightS099957',19.418927579577012,18915,b'RightS099957',-16.004,-13.7825,2.326e-15,1.792e-15,7.676e-16,0.0,-4.14,1,4.8855999999999996e-15,-8.158270797411319,1.9687727908564925
285,3109,b'RightS099987',19.287078294080203,18942,b'RightS099987',-15.8603,-13.264,1.235e-15,9.753e-16,4.424e-16,0.0,-3.57,1,2.6527e-15,-8.170784817077216,2.6305010491870378
286,3110,b'RightS099997',21.017341040462426,18951,b'RightS099997',-15.7603,-13.0143,1.46e-15,1.102e-15,4.573e-16,0.001,-3.35,1,3.0193e-15,-8.006562902989426,2.9897009624322877
287,3111,b'RightS100025',20.35834266517357,18975,b'RightS100025',-15.4285,-13.6419,2.726e-15,2.059e-15,8.691e-16,0.001,-3.66,1,5.6541e-15,-8.069109458301305,2.035246879490959
288,3112,b'RightS100036',19.468837010066395,18985,b'RightS100036',-15.1687,-12.1207,1.618e-15,1.242e-15,5.266e-16,-0.001,-2.39,1,3.3866e-15,-8.153533816150448,2.3777834175892987
289,3114,b'RightS100067',19.75657465768311,19012,b'RightS100067',-16.2665,-14.4558,2.794e-15,2.2e-15,9.697e-16,0.001,-4.31,1,5.9637e-15,-8.126224190866349,1.8436418765934162
290,3115,b'RightS100091',21.494443130763774,19036,b'RightS100091',-14.7036,-12.4364,2.209e-15,1.69e-15,6.987e-16,-0.0,-2.72,1,4.5977e-15,-7.961280405491058,2.543410412666716
291,3120,b'RightS102343',19.108681942400672,19241,b'RightS102343',-12.7032,-22.6315,7.161e-16,5.728e-16,2.552e-16,0.0,-5.36,1,1.5441e-15,-8.187716690805843,3.3662018159882776
292,3121,b'RightS102360',19.964858335163626,19254,b'RightS102360',-12.6569,-22.9632,8.742e-16,6.887e-16,3.079e-16,0.0,-3.2,1,1.8708e-15,-8.106455664808319,3.370987375745406
293,3124,b'RightS102669',21.95121951219512,19464,b'RightS102669',-12.8123,-22.7488,2.049e-15,1.58e-15,6.925e-16,0.001,-5.91,1,4.3215e-15,-7.917927052466731,2.7650814602217406
294,3125,b'RightS102690',21.535181236673772,19485,b'RightS102690',-13.3036,-22.7934,2.197e-15,1.744e-15,7.976e-16,0.001,-3.93,1,4.7386e-15,-7.957413888834649,2.5148947559178954
295,3126,b'RightS102698',22.40571851121518,19493,b'RightS102698',-12.1822,-22.5498,1.796e-15,1.408e-15,6.284e-16,0.0,-4.65,1,3.8324e-15,-7.874789849330318,3.078249006187231
296,3128,b'RightS102701',19.73941368078176,19496,b'RightS102701',-12.1815,-22.5046,1.148e-15,9.038e-16,4.013e-16,0.001,-4.75,1,2.4531e-15,-8.127852965733199,2.87102747521217
297,3129,b'RightS102704',21.233356692361596,19499,b'RightS102704',-13.4812,-23.0557,2.054e-15,1.563e-15,6.629e-16,0.0,-3.68,1,4.2799e-15,-7.986060523277457,2.570338073668196
298,3130,b'RightS102712',23.254029163468914,19506,b'RightS102712',-12.1156,-22.3113,2.462e-15,1.902e-15,8.048e-16,-0.001,-4.94,1,5.168800000000001e-15,-7.794275372933335,2.9057420430982535
299,3131,b'RightS102717',23.254029163468914,19510,b'RightS102717',-13.5424,-23.3105,2.28e-15,1.763e-15,7.87e-16,0.0,-3.46,1,4.83e-15,-7.794275372933335,3.018117596295591
300,3132,b'RightS102725',21.972443799854965,19517,b'RightS102725',-12.019,-22.0352,1.938e-15,1.511e-15,6.683e-16,0.0,-5.19,1,4.1173e-15,-7.915912622489586,2.8340757667712873
301,3134,b'RightS102760',22.252141982864135,19550,b'RightS102760',-13.213,-23.8972,1.491e-15,1.166e-15,5.186e-16,-0.001,-3.38,1,3.1755999999999998e-15,-7.889366035228962,3.3263481865395836
302,3135,b'RightS102765',19.402347918890072,19554,b'RightS102765',-12.3934,-22.6474,1.272e-15,9.983e-16,4.525e-16,0.001,-4.7,1,2.7228e-15,-8.159844398656928,2.6329782107768858
303,3136,b'RightS102773',22.427831236121392,19560,b'RightS102773',-13.3186,-22.9003,1.683e-15,1.314e-15,5.604e-16,0.0,-3.72,1,3.5574e-15,-7.87269109639965,3.1941607532447667
304,3138,b'RightS102807',19.86017041730391,19592,b'RightS102807',-12.0047,-21.913,1.337e-15,1.028e-15,4.477e-16,0.001,-5.26,1,2.8127e-15,-8.116391757051382,2.7277688407993934
305,3139,b'RightS102812',20.560959059036417,19596,b'RightS102812',-12.0696,-21.8305,1.347e-15,1.066e-15,4.729e-16,0.001,-5.25,1,2.8859e-15,-8.049878822899084,2.8918914430001896
306,3141,b'RightS102815',20.882150241212955,19599,b'RightS102815',-12.1258,-21.8633,1.097e-15,8.309e-16,3.552e-16,0.0,-5.3,1,2.2831e-15,-8.019394070895125,3.3925681853822938
307,3142,b'RightS102819',19.287078294080203,19603,b'RightS102819',-13.5427,-23.7208,8.654e-16,6.817e-16,3.109e-16,0.001,-3.18,1,1.858e-15,-8.170784817077216,3.1463783456448193
308,3148,b'RightS104243',21.17400419287212,19928,b'RightS104243',-5.3512,16.112,5.827e-15,4.551e-15,1.976e-15,-0.0,0.96,1,1.2354e-14,-7.991693760826168,1.4965791892720226
309,3149,b'RightS104329',19.157007376185458,20001,b'RightS104329',-4.7318,15.7673,3.122e-15,2.455e-15,1.126e-15,0.001,0.26,1,6.7029999999999995e-15,-8.183130049122749,1.6345914660686534
310,3150,b'RightS104413',18.96515752138535,20068,b'RightS104413',-5.727,16.5332,4.51e-15,3.538e-15,1.566e-15,0.0,1.26,1,9.614e-15,-8.201338815645991,1.3333730651288722
311,3151,b'RightS104503',19.671066868643152,20148,b'RightS104503',-4.0612,15.2675,7.236e-15,5.587e-15,2.293e-15,0.001,0.3,1,1.5116e-14,-8.134339867410224,1.1461480784034037
312,3152,b'RightS104510',18.902058640049905,20155,b'RightS104510',-4.0453,15.0101,4.58e-15,3.613e-15,1.639e-15,0.0,0.24,1,9.832e-15,-8.2073276280916,1.3103949332077718
313,3153,b'RightS104513',20.86297911406931,20158,b'RightS104513',-4.1058,14.978,5.353e-15,4.17e-15,1.851e-15,0.001,0.28,1,1.1373999999999999e-14,-8.021213632231305,1.5112111749338317
314,3154,b'RightS104515',20.10617120106171,20160,b'RightS104515',-6.0238,17.1293,5.247e-15,4.136e-15,1.896e-15,0.001,1.17,1,1.1279e-14,-8.093043442085767,1.3969730049755973
315,3155,b'RightS104537',19.50225273546449,20182,b'RightS104537',-4.5505,14.4846,6.187e-15,4.732e-15,2.007e-15,0.001,0.11,1,1.2925999999999999e-14,-8.15036227795662,1.2226340681511427
316,3157,b'RightS104584',23.325635103926096,20229,b'RightS104584',-6.3764,14.9812,7.029e-15,5.463e-15,2.393e-15,0.001,0.68,1,1.4884999999999998e-14,-7.787479142345512,1.728004338669811
317,3158,b'RightS104587',21.95121951219512,20232,b'RightS104587',-6.5504,15.2276,8.306e-15,6.59e-15,2.993e-15,0.001,0.67,1,1.7889e-14,-7.917927052466731,1.3539223781007514
318,3159,b'RightS104588',17.806072477962783,20233,b'RightS104588',-6.649,15.3939,3.747e-15,2.91e-15,1.301e-15,0.002,0.82,1,7.958e-15,-8.31134937029694,1.2953252171093868
319,3160,b'RightS104594',20.598232494901428,20239,b'RightS104594',-3.257,16.4287,9.731e-15,7.576e-15,3.303e-15,0.001,0.61,1,2.061e-14,-8.046341143436713,1.0892045460066078
320,3161,b'RightS104603',19.12476330738481,20248,b'RightS104603',-6.9092,16.3797,4.336e-15,3.386e-15,1.546e-15,0.001,1.03,1,9.268e-15,-8.186190383576283,1.3869516811848575
321,3162,b'RightS104612',20.959188379063868,20257,b'RightS104612',-6.6579,17.1679,7.559e-15,5.827e-15,2.428e-15,0.0,1.17,1,1.5814e-14,-8.0120822620487,1.2919221965712613
322,3164,b'RightS104624',19.303461456784877,20269,b'RightS104624',-6.0785,18.2077,3.94e-15,3.03e-15,1.294e-15,0.001,1.51,1,8.264e-15,-8.1692298657591,1.4950776624840239
323,3165,b'RightS104628',23.470178156467853,20273,b'RightS104628',-5.7438,18.578,1.271e-14,9.783e-15,4.275e-15,0.001,1.24,1,2.6768e-14,-7.7737603376113,1.3118488666565082
324,3166,b'RightS104629',21.233356692361596,20274,b'RightS104629',-4.5218,13.7078,8.49e-15,6.508e-15,2.794e-15,0.001,0.15,1,1.7792e-14,-7.986060523277457,1.259638616434592
325,3167,b'RightS104631',18.29341919903401,20276,b'RightS104631',-5.3549,18.7137,2.6e-15,2.012e-15,8.845e-16,0.001,1.16,1,5.4965e-15,-8.265094539043094,1.6430044597747282
326,3168,b'RightS104634',21.313012895662368,20279,b'RightS104634',-5.122,13.5933,9.067e-15,7.115e-15,3.059e-15,0.001,0.16,1,1.9241e-14,-7.978500229788869,1.215241054551133
327,3169,b'RightS104654',21.17400419287212,20298,b'RightS104654',-4.1556,15.0852,6.414e-15,4.952e-15,2.193e-15,0.001,0.3,1,1.3559000000000001e-14,-7.991693760826168,1.4347056268096314
328,3170,b'RightS104704',21.03679703772275,20345,b'RightS104704',-5.2018,17.4742,5.784e-15,4.372e-15,1.851e-15,0.001,1.34,1,1.2007e-14,-8.00471630418976,1.504186793285808
329,3171,b'RightS104706',22.10065645514223,20347,b'RightS104706',-5.1513,17.9012,8.701e-15,6.654e-15,2.868e-15,0.001,1.13,1,1.8223e-14,-7.903743761022982,1.3695778424913376
330,3172,b'RightS104710',19.418927579577012,20351,b'RightS104710',-5.1316,17.6531,9.534e-15,7.447e-15,3.231e-15,0.001,1.29,1,2.0212e-14,-8.158270797411319,0.965770475257333
331,3173,b'RightS104719',19.947333772218563,20359,b'RightS104719',-5.2211,14.4239,3.926e-15,3.009e-15,1.31e-15,0.001,0.38,1,8.245e-15,-8.10811894818907,1.609642506177238
332,3177,b'RightS104762',21.51479289940828,20397,b'RightS104762',-6.3354,15.1856,7.521e-15,5.747e-15,2.36e-15,0.001,0.69,1,1.5628e-14,-7.959348977466597,1.3823082903639086
333,3178,b'RightS104774',21.617122473246134,20409,b'RightS104774',-6.6582,15.6777,9.13e-15,7.221e-15,3.182e-15,0.001,0.88,1,1.9532999999999996e-14,-7.94963671930316,1.2470474190093355
334,3179,b'RightS104775',19.45217205221485,20410,b'RightS104775',-6.8478,15.8053,5.773e-15,4.408e-15,1.834e-15,0.001,0.82,1,1.2015e-14,-8.155115513081908,1.2598575720448422
335,3180,b'RightS104791',20.78664532357649,20424,b'RightS104791',-6.7219,16.7345,5.453e-15,4.276e-15,1.932e-15,0.001,1.03,1,1.1661e-14,-8.028458590380302,1.4799664031247415
336,3181,b'RightS104795',20.468362981310516,20428,b'RightS104795',-6.6265,16.9641,9.126e-15,7.02e-15,2.887e-15,0.001,1.05,1,1.9033e-14,-8.058667259888185,1.1155725361339004
337,3182,b'RightS104804',19.92983994737996,20434,b'RightS104804',-3.7589,14.4901,7.613e-15,5.97e-15,2.573e-15,0.001,-0.03,1,1.6156e-14,-8.109779314168584,1.1405732382936804
338,3184,b'RightS104822',20.959188379063868,20450,b'RightS104822',-5.5514,18.4923,8.02e-15,6.19e-15,2.71e-15,0.001,1.14,1,1.692e-14,-8.0120822620487,1.253468846262996
339,3186,b'RightS105211',17.890179098602637,20664,b'RightS105211',-42.4549,12.5637,7.557e-16,5.805e-16,2.391e-16,0.0,-1.45,1,1.5752999999999998e-15,-8.303366680813616,2.926951644114762
340,3192,b'RightS105308',21.017341040462426,20730,b'RightS105308',-42.4105,12.5869,1.63e-15,1.233e-15,5.197e-16,0.001,-1.15,1,3.3827000000000003e-15,-8.006562902989426,2.826422034835994
341,3193,b'RightS105452',21.494443130763774,20819,b'RightS105452',-42.8338,13.0239,1.273e-15,9.627e-16,4.068e-16,0.0,-0.03,1,2.6425e-15,-7.961280405491058,3.369879031954892
342,3196,b'RightS105536',20.177580466148722,20881,b'RightS105536',-43.0093,13.3237,7.334e-16,5.871e-16,2.695e-16,-0.001,-0.21,1,1.59e-15,-8.086265878261596,3.736896080295967
343,3198,b'RightS105571',19.58629605688429,20905,b'RightS105571',-42.531,12.7055,9.043e-16,7.019e-16,3.056e-16,0.0,1.04,1,1.9118e-15,-8.142385596300201,3.203830862628622
344,3199,b'RightS105575',18.397085610200364,20909,b'RightS105575',-43.1331,13.4815,3.836e-16,3.051e-16,1.396e-16,0.0,-0.16,1,8.283000000000001e-16,-8.255255399580637,4.267280551375503
345,3201,b'RightS105583',20.84384315523962,20917,b'RightS105583',-42.0109,11.8816,1.42e-15,1.091e-15,4.581e-16,0.0,-1.38,1,2.9691e-15,-8.0230298556884,2.9483069544976614
346,3202,b'RightS105590',21.678988790841878,20924,b'RightS105590',-42.091,11.8228,1.81e-15,1.385e-15,5.715e-16,0.0,-1.39,1,3.7665e-15,-7.943764891388944,2.866768789132256
347,3203,b'RightS105595',21.253214870236143,20929,b'RightS105595',-42.1928,11.7847,1.462e-15,1.133e-15,4.849e-16,-0.001,-1.23,1,3.0799000000000002e-15,-7.984175752893495,3.025500079091099
348,3204,b'RightS105615',21.824729891956782,20947,b'RightS105615',-42.6539,11.8471,1.43e-15,1.118e-15,4.819e-16,-0.0,-1.07,1,3.0298999999999998e-15,-7.929932378011195,3.2419992438475695
349,3205,b'RightS105622',18.94934333958724,20954,b'RightS105622',-42.155,13.4932,8.551e-16,6.667e-16,2.914e-16,-0.0,-0.63,1,1.8132e-15,-8.202839764106015,3.0663017465852485
350,3206,b'RightS105626',20.431557653405257,20958,b'RightS105626',-43.0566,11.9303,8.231e-16,6.376e-16,2.708e-16,0.0,-0.82,1,1.7315e-15,-8.062160510499902,3.6867661431197827
351,3207,b'RightS105630',22.40571851121518,20962,b'RightS105630',-41.7402,13.4075,2.838e-15,2.126e-15,8.794e-16,0.001,-0.9,1,5.8433999999999995e-15,-7.874789849330318,2.5050906455962942
352,3208,b'RightS105641',21.78289000718907,20973,b'RightS105641',-41.4611,13.1524,1.599e-15,1.243e-15,5.456e-16,-0.0,-1.06,1,3.3876e-15,-7.933903466203514,3.060643190779194
353,3210,b'RightS105696',18.71525633106856,21023,b'RightS105696',-42.2833,13.471,8.666e-16,6.693e-16,2.883e-16,0.001,-0.63,1,1.8242e-15,-8.225057324232303,2.983052696589212
354,3211,b'RightS105720',20.616919936493534,21039,b'RightS105720',-41.7487,13.223,1.427e-15,1.077e-15,4.602e-16,0.0,-0.98,1,2.9641999999999995e-15,-8.044567489444523,2.8947322769071047
355,3212,b'RightS105745',19.58629605688429,21058,b'RightS105745',-43.9809,12.9017,1.378e-15,1.072e-15,4.701e-16,0.0,-0.24,1,2.9201e-15,-8.142385596300201,2.592446538799727
356,3214,b'RightS105752',22.40571851121518,21064,b'RightS105752',-44.2097,13.1958,2.028e-15,1.545e-15,6.392e-16,0.001,0.04,1,4.2122e-15,-7.874789849330318,2.938602430441346
357,3215,b'RightS105753',21.056289089645585,21065,b'RightS105753',-44.3479,13.2148,1.165e-15,8.95e-16,3.784e-16,0.001,-0.05,1,2.4384e-15,-8.002866283386295,3.3316190803704666
358,3217,b'RightS106169',20.882150241212955,21282,b'RightS106169',-28.1753,11.9654,1.145e-15,8.813e-16,3.93e-16,0.001,-2.87,1,2.4193e-15,-8.019394070895125,3.294132618819864
359,3221,b'RightS106280',20.939875604699377,21357,b'RightS106280',-27.9956,12.0126,1.141e-15,9.053e-16,4.105e-16,0.001,-1.43,1,2.4568e-15,-8.013915267341748,3.2707406318183523
360,3224,b'RightS106472',20.267558528428093,21485,b'RightS106472',-27.977,11.6149,9.441e-16,7.105e-16,2.932e-16,0.0,-3.89,1,1.9478000000000002e-15,-8.077725921168764,3.4304808419442363
361,3226,b'RightS106482',20.141812541546642,21492,b'RightS106482',-28.1313,12.3879,1.137e-15,8.644e-16,3.639e-16,0.0,-1.75,1,2.3652999999999996e-15,-8.089660667320878,3.0676957681712778
362,3228,b'RightS106535',19.485530546623792,21533,b'RightS106535',-27.8944,11.5044,9.056e-16,6.94e-16,2.925e-16,0.0,-3.69,1,1.8921e-15,-8.151949406769802,3.1867321465861287
363,3229,b'RightS106540',21.51479289940828,21536,b'RightS106540',-28.2373,12.4589,1.246e-15,9.613e-16,4.231e-16,0.0,-1.85,1,2.6304000000000003e-15,-7.959348977466597,3.379839211165778
364,3231,b'RightS106557',22.856424440533065,21553,b'RightS106557',-28.2272,12.4852,1.295e-15,1.017e-15,4.645e-16,0.001,-1.75,1,2.7764999999999997e-15,-7.832012652307462,3.804811953763286
365,3232,b'RightS106566',19.947333772218563,21562,b'RightS106566',-28.1981,12.5381,5.596e-16,4.199e-16,1.764e-16,0.0,-1.67,1,1.1559e-15,-8.10811894818907,4.308911641948654
366,3233,b'RightS106577',21.313012895662368,21572,b'RightS106577',-27.969,11.2587,7.064e-16,5.536e-16,2.531e-16,-0.0,-3.99,1,1.5131e-15,-7.978500229788869,4.356641703316203
367,3234,b'RightS106582',19.982413717300506,21577,b'RightS106582',-28.1402,12.6447,9.228e-16,7.004e-16,2.87e-16,0.0,-1.57,1,1.9102e-15,-8.104789456330394,3.349131524328132
368,3235,b'RightS106589',21.930036188178526,21583,b'RightS106589',-28.0782,12.6812,1.82e-15,1.355e-15,5.609e-16,0.0,-1.5,1,3.7359e-15,-7.919937594521121,2.9789386221578797
369,3236,b'RightS106593',21.393269004471637,21587,b'RightS106593',-28.0529,12.7192,1.417e-15,1.108e-15,4.773e-16,-0.0,-1.49,1,3.0023e-15,-7.970882998340377,3.1066234821011016
370,3237,b'RightS106598',20.50530115046244,21592,b'RightS106598',-28.1219,11.1985,8.429e-16,6.388e-16,2.738e-16,-0.0,-4.02,1,1.7555e-15,-8.055161401108233,3.7131017103859634
371,3238,b'RightS106601',23.159235668789808,21595,b'RightS106601',-27.9981,12.6692,1.788e-15,1.377e-15,5.913e-16,0.001,-1.55,1,3.7563e-15,-7.803272370165011,3.3798454734742682
372,3239,b'RightS106621',23.088646177292354,21615,b'RightS106621',-27.8062,12.6447,1.601e-15,1.214e-15,5.025e-16,-0.0,-1.77,1,3.3175e-15,-7.809972128009555,3.5719435978987857
373,3240,b'RightS106626',18.65380668992407,21620,b'RightS106626',-28.3787,11.3668,4.69e-16,3.644e-16,1.577e-16,0.001,-3.63,1,9.911e-16,-8.230889604739904,4.015743947621798
374,3241,b'RightS106697',21.453858862402644,21688,b'RightS106697',-27.9569,12.6951,1.029e-15,7.96e-16,3.299e-16,0.0,-1.59,1,2.1549e-15,-7.965132321187707,3.689583178058137
375,3242,b'RightS106700',18.730682052338757,21691,b'RightS106700',-27.9622,12.6351,5.512e-16,4.172e-16,1.734e-16,0.0,-1.56,1,1.1418e-15,-8.223593245161958,3.7846979725835603
376,3243,b'RightS106703',20.303774849229395,21693,b'RightS106703',-27.9397,12.5809,1.035e-15,7.973e-16,3.503e-16,-0.0,-1.64,1,2.1826000000000004e-15,-8.074288574132517,3.2512085688195107
377,3244,b'RightS106906',21.51479289940828,21749,b'RightS106906',-2.1675,1.8824,3.673e-11,2.819e-11,1.216e-11,0.05,-2.78,1,7.708e-11,-7.959348977466597,0.019736856036938488
378,3245,b'RightS107334',19.189360354654845,21797,b'RightS107334',43.1385,0.1043,2.072e-11,1.574e-11,6.531e-12,0.048,-1.76,1,4.2990999999999994e-11,-8.180059377884064,0.02048650844412962
379,3246,b'RightS107368',21.17400419287212,21803,b'RightS107368',35.7288,0.0918,5.59e-12,4.297e-12,1.887e-12,0.024,-1.67,1,1.1774e-11,-7.991693760826168,0.04870465179064301
380,3247,b'RightS107383',20.52382027545721,21811,b'RightS107383',-42.6308,0.4059,1.979e-12,1.487e-12,6.16e-13,0.014,-1.5,1,4.082e-12,-8.053403722304692,0.07711567326538792
381,3248,b'RightS107434',19.79098628347485,21819,b'RightS107434',-18.6023,-5.5536,3.917e-11,3.038e-11,1.315e-11,0.066,-3.03,1,8.270000000000001e-11,-8.122958130225438,0.015748059613584612
382,3249,b'RightS107492',19.27072291710833,21834,b'RightS107492',-42.273,-0.8794,4.385e-12,3.362e-12,1.4e-12,0.02,-1.67,1,9.147e-12,-8.172337131208444,0.04472317008969209
